id,hsk_level,title,body
1,4,我学会了做饭,"搬到新家以后，我一个人住，慢慢发现自己什么都不会做。以前在家的时候，妈妈每天做饭，我从来没想过自己有一天也要下厨房。第一个星期，我天天叫外卖，可是外卖吃多了，感觉又贵又不健康，所以我决定开始自己做饭。

一开始很不顺利。我打电话问妈妈怎么炒青菜，她告诉我要先把锅烧热，再放油，然后放菜，一边炒一边加一点盐。听起来很简单，可是我做出来的菜不是太咸就是太淡，有一次还把菜炒糊了，弄得满屋子都是烟。室友回来看到，笑得说不出话来。

后来我上网找了很多做饭的视频，跟着一步一步学，慢慢地，我学会了做几道简单的家常菜，比如西红柿炒鸡蛋、青椒肉丝。虽然味道还比不上妈妈做的，但是我已经很满意了。现在我每天下班以后最喜欢做的事，就是去超市买菜，回家给自己做一顿饭。做饭这件事让我明白，很多以前觉得理所当然的事情，其实都需要花时间和精力去学习。"
2,4,一次难忘的周末旅行,"上个周末，我和几个朋友一起去附近的一个小镇玩儿，这是我第一次跟朋友一起出去旅行，心情特别激动。我们早上七点就出发了，坐火车大概两个小时就到了。

到了小镇以后，我们先找了一家民宿住下，房间不大，但是很干净，窗户外面就能看到一条小河，风景非常美。放下行李，我们就出去逛了，小镇的街道很窄，两边都是老房子，感觉像是回到了以前的年代。

中午的时候，我们在一家小饭馆吃饭，点了几个当地的特色菜，味道很不错，价格也不贵。吃完饭，我们去了附近的一座山，一起爬到了山顶。虽然爬山的过程很累，中间有人几次都想放弃，但是到了山顶，看到整个小镇的风景，大家都觉得一切都值得了。

晚上，我们坐在民宿的院子里聊天，看星星，聊了很多以前的事情，也聊了以后的打算。这次旅行虽然只有两天，但是给我留下了很深的印象，我觉得跟好朋友一起旅行，比自己一个人旅行更有意思，因为可以一起经历很多快乐的时刻。"
3,5,第一天上班,"今天是我在新公司上班的第一天，从昨天晚上开始我就一直很紧张，甚至有点睡不着。虽然大学的时候实习过几次，但正式成为一名员工，感觉完全不一样。

早上八点半，我提前半个小时到了公司，坐在会议室外面等着。没想到人事部的负责人比我还早，笑着跟我打招呼，还带我参观了整个办公室，向大家介绍了我。同事们都很热情，主动过来跟我聊天，问我以前是做什么的，是不是习惯这边的工作环境。这让我原本紧张的心情放松了不少。

上午主要是熟悉公司的规章制度，还有一些基本的工作流程，负责人给了我一份很详细的资料，让我先看一看，有不懂的地方随时可以问。下午，经理把我叫到办公室，跟我聊了聊接下来的工作安排，并且给我分配了第一个小项目，虽然不算复杂，但对我来说也是一次不小的挑战。

下班的时候，已经是晚上六点多了，我一个人走在回家的路上，突然觉得特别踏实。虽然今天发生了很多事情，学到的东西也很多，感觉有点累，但是我对未来的工作充满了期待，也希望自己能尽快适应这份新的工作，做出一些成绩来。"
4,5,"关于""早起""的一点看法","最近我身边不少朋友都开始流行""早起""，社交网络上也经常能看到""五点起床，改变人生""这样的说法。看到这些内容，我也曾经尝试过早起，但坚持了不到一个星期就放弃了。

在我看来，早起本身并不是问题的关键，真正重要的是起床以后怎么安排自己的时间。如果只是把睡觉的时间提前，却没有明确的目标，早起半小时、一小时，其实意义并不大，反而可能因为睡眠不够，导致白天精神不好，工作效率反而下降。

当然，我并不是说早起完全没有好处。对一些人来说，早晨是一天中比较安静、不容易被打扰的时间段，适合用来读书、锻炼身体，或者思考一些重要的问题。但这需要建立在充足睡眠的基础上，而不是一味地追求""起得越早越好""。

我认为，与其盲目跟着别人的作息表走，不如根据自己的身体情况和生活习惯，找到最适合自己的节奏。有的人天生就是""夜猫子""，晚上效率更高，这也没有什么不好。重要的不是几点起床，而是能不能在自己清醒的时间里，把事情做好，同时保证充足的休息。"
5,6,关于人口老龄化的一点思考,"近年来，""老龄化""这个词越来越频繁地出现在新闻报道和日常讨论中。随着医疗水平的提高和生育率的下降，越来越多的国家正在或即将面临人口老龄化的问题，这已经不再是某一个国家单独面对的挑战，而是一个具有全球性质的社会现象。

人口老龄化带来的影响是多方面的。从经济角度看，劳动力人口比例的下降，可能会给社会保障体系带来沉重的压力，也可能影响一个国家整体的生产效率。从家庭角度看，越来越多的年轻人需要独自承担照顾父母甚至祖父母的责任，这在无形中增加了个人的经济负担和心理压力。而从社会结构的角度看，如何让老年人依然能够保持一定的社会参与感，避免因为年龄增长而被社会边缘化，也是值得深入思考的问题。

面对这样的趋势，不同国家和地区已经开始尝试不同的应对方式。有的国家通过延迟退休年龄、鼓励生育等政策来缓解劳动力不足的问题；也有的地区大力发展养老产业，完善社区养老服务体系，让老年人能够在熟悉的环境中安度晚年。此外，越来越多的企业和机构也开始重新思考如何为老年人提供更加友好的工作和生活环境。

老龄化社会的到来，既是挑战，也可能是一次重新审视社会价值观的机会。我们或许需要重新思考""年龄""与""价值""之间的关系，让每一个年龄阶段的人，都能在社会中找到属于自己的位置。"
6,6,"关于""成功""的定义","从小到大，我们似乎一直被教育要努力追求""成功""，无论是在学业、事业，还是人生的其他方面。然而，很少有人真正停下来思考过：究竟什么才算是成功？

在很多人的观念中，成功似乎有着相对固定的标准——较高的社会地位、可观的经济收入、令人羡慕的头衔。这种标准并非毫无道理，它反映了社会对个人价值的一种普遍衡量方式。但如果将成功仅仅局限于这些外在的、可量化的指标，或许会忽略掉许多同样值得被重视的东西，比如内心的平静、与他人之间真实而深厚的关系，以及一个人对自身生活状态的满足程度。

我曾经认识一位朋友，他放弃了收入丰厚的工作，选择回到家乡，从事一份看似平凡、收入也不算高的职业。起初，身边不少人并不理解他的选择，甚至觉得有些可惜。但几年过去，他依然过着简单却充实的生活，脸上常常带着从容的笑容。相比之下，一些在旁人眼中""很成功""的人，却常常被无尽的焦虑和压力所困扰，很难真正感到快乐。

由此可见，成功或许并没有一个统一的标准答案，它更像是一种因人而异的状态。真正重要的，也许不是我们是否达到了某种社会普遍认可的高度，而是我们是否能够诚实地面对自己，找到属于自己的、可以长久坚持下去的生活方式，并在这个过程中获得内心真正的满足。"
7,4,搬家,"我从小到大一直住在同一个地方，从来没搬过家，直到去年，因为工作的原因，我不得不搬到一个新的城市。搬家那天，我一个人整理了所有的东西，从衣柜里的衣服到书架上的书，箱子越堆越多，看着这些东西，我才发现自己原来有这么多东西，也才明白，一个人生活这么多年，早就在不知不觉中积累了这么多回忆。

到了新家以后，一切都要重新开始。我不知道附近哪里有超市，也不知道去公司要坐哪一路车，只能一边走一边问路。第一个星期，我几乎每天都要迷路，有一次甚至因为找不到回家的路，在小区门口站了半个小时，心里觉得特别孤单。还好周围的人都很热情，愿意帮我指路，慢慢地，我也记住了几条常走的路。

慢慢地，我开始熟悉这个新地方了。我找到了一家喜欢的面馆，老板每次都会多送我一点小菜；也认识了楼下的邻居，他们经常在周末的时候请我去家里吃饭。虽然刚开始的时候，我常常想念以前住的地方，觉得一切都很陌生，晚上一个人躺在床上，还会想起以前的朋友和熟悉的街道，但是现在，我已经开始喜欢上这个新家了。搬家这件事让我明白，只要给自己一点时间，陌生的地方也能慢慢变成家。"
8,4,养宠物,"去年秋天，我从收容所领养了一只小狗，取名叫""豆豆""。刚开始的时候，我对养狗完全没有经验，不知道应该怎么照顾它，只能一边上网查资料，一边慢慢学习，甚至专门买了好几本关于养狗的书来看。

豆豆刚来的时候特别害怕，总是躲在沙发底下，不敢出来，也不太吃东西，看着它瘦瘦小小的样子，我心里既心疼又着急。我每天下班以后都陪着它，跟它说话，还会坐在地上，慢慢地把手伸到沙发底下，让它闻一闻我的味道。过了大概一个星期，它开始愿意从沙发底下走出来，也开始跟着我在屋子里走来走去，晚上还会主动跳到我旁边睡觉。

现在，豆豆已经完全适应了新家的生活。每天早上，它都会准时把我叫醒，陪我一起出去散步，遇到其他小狗还会开心地摇着尾巴打招呼。虽然养狗以后，我的生活变得比以前忙了不少，每天要遛狗、喂食、打扫，周末也很难再像以前那样睡懒觉，但是看到豆豆开心地摇尾巴，我觉得这一切都是值得的。养宠物让我学会了责任，也让我的生活多了一份陪伴。"
9,4,室友的小麻烦,"我和室友小李已经一起住了半年了，我们的关系一直不错，平时也经常一起做饭、看电影，可是最近发生了一件小事，差点影响了我们的感情。小李最近迷上了一款游戏，每天晚上都要玩到很晚，声音特别大，游戏里的音乐和说话声透过墙壁都能听得清清楚楚，让我没办法好好休息。

一开始，我不好意思直接说，只能在心里默默忍着，结果越忍越难受，白天上班的时候都没有精神，工作也常常出错，被主管说了好几次。后来我想，与其一直忍着，影响自己的身体和工作，不如找个机会跟他好好聊聊。于是有一天晚上，趁着他刚下线，我鼓起勇气跟小李说了我的想法，一边说一边担心他会不高兴。

没想到小李听完以后马上就道歉了，他说自己完全没有意识到声音这么大，一直沉浸在游戏里，完全没考虑到我的感受，还说以后会戴耳机玩游戏，也会尽量早点休息。从那以后，我们的生活恢复了平静，关系反而变得更好了。这件事让我明白，遇到问题的时候，直接沟通比一直忍耐更有效。"
10,4,学游泳,"我今年二十五岁了，可是一直不会游泳，每次夏天朋友们约着去游泳，我都只能在旁边看着，帮大家看包、拍照，心里觉得挺遗憾的，也有点羡慕他们能在水里自由自在地玩。今年，我终于下定决心，报了一个游泳班，从零开始学习。

第一节课的时候，我连把头放进水里都不敢，一直紧张地抓着池边，手心都出汗了。教练看出了我的害怕，耐心地陪着我，先教我怎么在水里换气，然后才慢慢教我手脚的动作，还一直在旁边鼓励我，说每个人刚开始都是这样的。虽然进步很慢，中间还呛过好几次水，但我一点也不着急，每次下课都会自己再多练习一会儿。

经过两个多月的练习，我终于可以自己游到游泳池的另一边了。那一刻，我心里特别激动，站在池边忍不住笑了出来，觉得所有的努力都没有白费。现在，游泳已经成了我每个星期都要做的运动，我也终于可以和朋友们一起下水玩了，不用再一个人坐在岸边。这次学游泳的经历让我明白，只要坚持下去，什么时候开始都不算晚。"
11,4,生日会,"上个星期五是我的生日，那天晚上，几个好朋友说要请我吃饭，我以为只是普通的聚餐，还特意换了一件新衣服，没想到其实是一个惊喜生日会。走进餐厅的时候，灯突然全部打开，朋友们一起喊""生日快乐""，手里还拿着蛋糕和礼物，我一下子愣住了，完全没有反应过来，站在门口好几秒才回过神来。

原来，为了准备这个惊喜，朋友们已经偷偷计划了快一个月，还专门建了一个不让我看到的聊天群，商量各种细节。他们不但订了我最喜欢的餐厅，还找出了很多我们以前一起拍的照片，做成了一本相册送给我，里面甚至有我自己都快忘记的照片。看着这些照片，我想起了很多以前的事情，眼睛一下子就红了，差点在朋友面前哭出来。

那天晚上，我们一起吃饭、唱歌，聊了很多以前的回忆，一直到很晚才回家，谁都不舍得先离开。虽然这只是一个普通的生日，但因为有这些朋友的用心，变成了我这几年来最难忘的一个生日。我觉得，真正的朋友，就是愿意花时间和心思，让你感受到自己被重视。"
12,4,迷路,"上个月，我第一次一个人去一个陌生的城市出差，因为对那边完全不熟悉，下了火车以后，我决定不用手机导航，靠自己走走看看，顺便熟悉一下这个城市，没想到走着走着就迷路了，越走越觉得眼前的街道陌生。

那时候天已经开始黑了，路灯一盏一盏地亮了起来，周围的路都长得差不多，一样的高楼和路口，我完全找不到回酒店的方向，手机也刚好没电了，心里越来越着急，甚至有点想哭。正当我不知道该怎么办的时候，看到路边有一位卖水果的老爷爷正在收摊，我鼓起勇气走过去问路。

老爷爷不但很热情地告诉我怎么走，还怕我记不住，特意找了一张纸，画了一张简单的地图给我，一边画一边耐心地解释每个路口该往哪边转，甚至告诉我路上哪家店晚上还开着门，可以进去问路。跟着地图，我终于顺利地找到了酒店。走进房间的那一刻，我特别感激那位老爷爷，如果不是他耐心地帮忙，我可能还要在外面找很久。这次迷路的经历虽然让我着急了好一阵子，但也让我认识到，陌生的地方虽然让人紧张，但只要愿意开口问路，总能找到解决办法。"
13,4,邻居,"我住的这栋楼里有一位七十多岁的奶奶，一个人住，孩子们都在外地工作，很少回来看她，平时家里总是安安静静的。刚搬来的时候，我们并不熟悉，只是偶尔在电梯里碰到，简单地打个招呼，说不上几句话。

有一次，我看到奶奶提着很重的东西，走路有点吃力，脸上都出了汗，就主动上前帮她拿了上去，还帮她把东西一件一件放好。从那以后，我们渐渐熟悉起来，我经常在下班以后去看看她，帮她做一些需要力气的事情，比如换灯泡、搬东西，她也常常做一些好吃的点心给我，说一个人吃太多也吃不完。

慢慢地，我们的关系变得像家人一样。她会跟我讲她年轻时候的故事，讲她怎么认识爷爷、怎么把孩子们养大，我也会跟她聊聊自己工作和生活中的事情，有时候遇到烦心事，跟她说说也觉得心里舒服多了。过年的时候，我还特意留在她家一起吃饭，她高兴得像有了自己的孩子在身边一样。这段邻里之间的友谊让我明白，有时候，一个小小的帮忙，就能开始一段温暖的关系。"
14,4,修自行车,"上个星期，我骑了好几年的自行车突然坏了，链条一直掉，怎么修都修不好，每骑几步就要停下来重新装一次。我本来打算直接去修车店，可是一想到要花钱，又觉得这么简单的问题应该可以自己解决，于是决定试着自己动手修，也想借这个机会学一点新技能。

我在网上找了一个教学视频，跟着一步一步学习。一开始并不顺利，我弄得满手都是油，链条还是装不回去，试了好几次都失败了，手指也被夹得有点疼。眼看天色越来越晚，院子里的光线也变暗了，我几乎想放弃，打算明天直接送去店里修，让专业的师傅处理。

就在这时，我又仔细看了一遍视频，把每个步骤都暂停下来仔细对比，发现自己一直搞错了一个小步骤——链条装反了方向。调整以后，链条终于顺利地装了回去，自行车也可以正常骑了，我骑着它在小区里绕了一圈，感觉特别顺畅，连原来有点松的刹车也顺便调整了一下。虽然过程比想象中麻烦得多，弄得整个人筋疲力尽，但成功修好的那一刻，我特别有成就感，也学到了一项新的技能，以后再遇到类似的问题，也不会那么害怕了。"
15,4,下雨天,"昨天早上出门的时候，天气还很好，阳光也不错，我看了一眼天空，觉得应该不会下雨，就没有带伞，轻装出门去上班。谁知道到了下午，天突然黑了下来，乌云越聚越多，没过多久，就下起了大雨，而且越下越大，办公室里的同事都趴在窗边看着外面的雨。

下班的时候，雨还没有停，我站在公司门口，看着外面的大雨，心里又着急又无奈，想着要不要冒雨跑去坐车。正当我不知道该怎么办的时候，同事小王刚好撑着伞走过来，主动说可以送我一段路，我们两个人挤在一把伞下面，一路小跑着去坐公交车，雨水还是打湿了肩膀。

虽然到家的时候，鞋子和裤子都湿透了，冷得打了个哆嗦，还打了好几个喷嚏，但因为有同事的帮忙，我心里反而觉得挺温暖的，一路上小王还跟我聊了不少工作以外的事情，让我更了解了他。第二天上班，我特意买了一杯热饮请小王，感谢他前一天的帮忙，他笑着说这没什么，以后遇到这种情况还会帮忙。从这以后，我养成了一个习惯，出门前不管天气看起来怎么样，包里都会放一把折叠伞，免得再遇到这样的情况，也算是从这次经历中学到的一课。"
16,4,语言班,"为了能更好地跟外国朋友交流，我最近报名参加了一个英语口语班，也算是给自己一个坚持学习的理由。第一次上课那天，我心里特别紧张，一是担心自己的水平太差，跟不上大家，二是担心听不懂老师说的话，闹出笑话来。

走进教室以后，我发现同学们的水平也参差不齐，有的说得很流利，一看就是经常练习的，有的和我一样，一句话都说得断断续续，需要想很久才能说出来。老师是一位很有耐心的外国老师，他并没有直接让我们开口说，而是先带着大家做了一些简单的游戏，互相自我介绍，气氛一下子就轻松了不少，大家也慢慢放松下来，敢开口说话了。

下课以后，我发现自己没有想象中那么紧张了，甚至还主动跟旁边的同学聊了几句，互相加了联系方式，约好以后一起练习，也约好了下次上课提前到教室，先聊聊天热热身。虽然这只是第一节课，我离流利地说英语还差得很远，发音也还有很多问题，但我已经不再像以前那样害怕开口了。我相信，只要坚持下去，一定能看到进步，说不定明年就能没有压力地跟外国朋友聊天了。"
17,4,阳台种菜,"自从搬到现在这个有阳台的房子以后，我一直想在阳台上种一些蔬菜，既能锻炼身体，又能吃到自己种的新鲜蔬菜，还能让阳台看起来更有生气。上个月，我终于开始行动，买了几个花盆和一些种子，包括番茄、青菜和小葱，开始了我的""阳台农场""。

种菜看起来简单，实际做起来却没有那么容易。我一开始不知道该浇多少水，结果把一些苗浇死了，土都变得又湿又黏；后来又因为阳台的阳光不够，长得特别慢，叶子也发黄。为了解决这些问题，我上网查了很多资料，还专门做了笔记，也向懂种植的朋友请教，把花盆挪到了阳光更好的角落。

经过两个多月的照顾，阳台上的小番茄和青菜终于慢慢长大了，虽然收成不算多，第一次只摘了几个小番茄，但每次看到自己种的菜从小苗长成可以吃的蔬菜，我都特别有成就感，做饭的时候还会特意用上自己种的菜，甚至拍照发给妈妈看，妈妈都不敢相信是我自己种出来的。现在，照顾这些植物已经成了我每天下班以后最喜欢做的事情之一，我还打算再多买几个花盆，试着种一些别的蔬菜。"
18,4,朋友吵架和好,"上个月，我和一个认识多年的好朋友因为一件小事吵了一架，具体是什么原因，现在想起来其实已经记不太清楚了，但两个人谁都不愿意先低头，就这样冷战了将近两个星期，谁也没有主动联系谁，连平时的聊天群都变得安安静静的。

那段时间，我心里其实一直不太舒服，总是想起我们以前一起做过的很多事情，一起旅行、一起熬夜聊天的日子，也开始反思，其实那件事本身并没有那么严重，只是两个人当时都太固执了，谁都不肯先让步。但因为面子问题，我一直没有勇气主动开口，怕自己先说话会显得很没面子。

直到有一天，我收到了她发来的一条消息，只写了简单的一句话：""我们和好吧，我很想你。""看到这句话，我心里的委屈一下子就消失了，眼泪都快掉下来了，马上回复了她。后来我们约出来吃饭，把心里的话都说开了，聊了很久，比以前更了解彼此的想法，也约好了以后有什么不高兴的事情，一定要当面说清楚，不要再冷战。这次吵架和好的经历让我明白，真正的朋友之间，没有什么问题是解决不了的。"
19,4,洗衣服,"上个星期，我把所有的衣服都放进洗衣机里一起洗，没想到犯了一个大错误——我忘了把一件红色的新T恤和白色的衣服分开洗，当时只顾着赶时间，随手就把所有衣服都塞进了洗衣机。结果洗完以后打开洗衣机一看，所有的白衣服都被染成了淡淡的粉色，连我最喜欢的一件白衬衫也没能幸免。

看到这个结果，我又生气又好笑，站在洗衣机前愣了好一会儿，只能一边收拾一边安慰自己，就当是换了个新颜色吧，说不定还挺特别的。我把染色的衣服拿给妈妈看，本来以为会被说一顿，没想到她笑着说，这是每个刚开始学做家务的人都会犯的错误，她当年也遇到过一样的问题，还把自己以前染坏的衣服照片翻出来给我看。

从这以后，我学会了洗衣服之前一定要仔细检查颜色，深色和浅色的衣服要分开洗，新买的深色衣服还要先单独洗一次，确定不会掉色以后才能跟其他衣服一起洗。虽然损失了几件衣服，但也算是用一次小小的教训，换来了一个以后能用一辈子的生活经验，室友们知道以后，都笑着说要跟我学习这个经验。"
20,4,体检,"每年公司都会安排一次体检，往年我都是随便走个过程，排队、抽血、拍片子，做完就走，不太在意结果，报告拿回家也很少仔细看。可是这次体检以后，医生特意把我叫过去，指着报告上的数字，说我的体重和血压都有点偏高，建议我平时多注意运动和饮食，不然以后可能会有更严重的问题。

听到这个消息，我心里挺紧张的，毕竟自己才三十岁出头，从来没想过健康问题会这么早就找上门来，一直觉得自己身体还很好。回家以后，我认真地想了想自己这几年的生活习惯——经常熬夜、很少运动、饮食也不太规律，经常点外卖，蔬菜吃得很少。

从那天起，我开始每天早上跑步半个小时，就算天气不好也尽量坚持，也慢慢改变了自己的饮食习惯，少吃油腻的食物，多吃蔬菜水果，晚上也尽量早点睡觉，周末还约朋友一起去打球，让自己的生活更有规律。三个月以后再去检查，医生说各项指标都恢复了正常，还夸我坚持得不错。这次体检的经历让我意识到，健康这件事，真的不能等到出问题以后才重视，平时的小习惯才是最重要的。"
21,4,一日游,"上个星期天，我难得有一天完全空闲的时间，没有工作，也没有约会，就临时决定一个人去附近的一个湖边走走，放松一下这段时间紧绷的心情。因为是当天来回，我只带了一个小背包，装了一些水和面包，早上八点就出发了。

到了湖边，天气特别好，阳光不算太晒，湖水很平静，像一面镜子一样，周围有很多人在散步、钓鱼，还有小朋友在草地上跑来跑去，笑声传得很远。我沿着湖边慢慢走，一边看风景，一边听音乐，心情特别放松，连脚步都变得轻快起来。中午的时候，我找了一个安静的地方坐下，吃了带来的午饭，还在那里睡了一个小小的午觉，被风吹醒的时候，觉得特别舒服。

下午，我又租了一辆自行车，绕着湖骑了一圈，路上还停下来拍了几张照片，虽然骑到后面有点累，但看着夕阳慢慢落下，把湖面染成金色，感觉一切都很值得。回去还车的时候，天已经完全暗了下来，湖边亮起了一盏一盏的灯，气氛特别安静。晚上回到家，虽然身体有点疲惫，但心里却特别轻松。这次简单的一日游让我明白，不需要走得太远，也能找到放松心情的方法。"
22,4,爬山看日出,"这个周末，我和三个朋友一起去爬附近的一座山，为了能看到日出，我们凌晨四点就出发了，一路上又困又冷，手电筒的光在黑暗中晃来晃去，但因为心情兴奋，大家还是有说有笑地往上爬，一边走一边猜今天能不能顺利看到日出。

爬到半山腰的时候，天还没有完全亮，山路也变得越来越陡，石头台阶又高又滑，几个人都开始觉得体力不够，脚步慢了下来，说话也少了很多，只顾着喘气。就在大家都快要坚持不住的时候，我们互相鼓励，你拉我一把，我扶你一下，一步一步地继续往上走，谁也不愿意先说放弃。

终于，在太阳升起之前，我们赶到了山顶，找了一块空地坐下来等待，拿出保温杯，喝了几口热茶暖暖身子。站在山顶上，看着太阳一点一点从云里升起来，把整个天空染成了橙红色，云朵也跟着变了颜色，那种美丽的景象让我们几个人都忘记了刚才的疲惫，纷纷拿出手机拍照，还互相开玩笑说这是最值得的一次早起。这次爬山的经历让我明白，很多美好的东西，都需要经过一番努力才能看到。"
23,4,家族旅行,"今年暑假，我们全家一起去海边的一个城市旅行，这是我们家好几年没有一起出去玩了，大家平时工作学习都很忙，很难凑到一起，所以每个人都特别期待。爸爸提前一个月就开始查资料，安排每天的行程，连吃饭的餐厅都提前订好了。

到了那边以后，我们先去了海边，弟弟第一次看到大海，兴奋得跑来跑去，一直不肯离开，还捡了好多贝壳装在口袋里。晚上，我们一家人在海边散步，吹着海风，听着海浪的声音，聊着平时很少聊的话题，比如爸爸年轻时候的故事、妈妈以前的梦想，感觉关系比以前更亲近了。

这次旅行虽然只有短短五天，但我们一起看了日出，一起吃了当地的海鲜，也一起拍了很多照片，还买了不少纪念品，准备回去送给亲戚朋友。回家的路上，弟弟已经开始问下次什么时候再去海边，妈妈笑着说，以后应该每年都安排一次这样的家庭旅行，不能让工作占满了所有的时间。我也觉得，比起去多远的地方，能和家人一起度过这样的时光，才是旅行最重要的意义。"
24,4,坐过站,"上个周末，我一个人坐火车去邻近的一个城市看朋友，出发前特意查好了在哪一站下车，可是路上一直在看手机，追一部很好看的电视剧，没有注意到广播说的站名，结果坐过了站，等我反应过来的时候，火车已经开出去很远了，窗外的风景都变得陌生起来。

我心里特别着急，手心都出汗了，赶紧给朋友打电话说明情况，朋友一边安慰我，让我不要着急，一边告诉我应该在哪一站下车换乘。虽然多花了将近一个小时，中间还换了一次车，但最后总算顺利到达了目的地，朋友已经在出口等着我了，手里还拿着一杯热饮。

见面以后，我们都被这件事逗笑了，朋友说这也算是一次小小的意外冒险，还开玩笑说以后要给我买一个专门提醒下车的闹钟。晚上吃饭的时候，我们把这件事又讲了好几遍，越讲越觉得好笑，连服务员都被我们的笑声吸引过来看了一眼。这次坐过站的经历虽然让我一开始很紧张，出了不少汗，但也让我明白，遇到突发情况的时候，冷静下来解决问题比着急更重要。"
25,4,拜访朋友家乡,"大学同学小张一直邀请我去他的老家玩，说那里风景很美，人也特别热情。今年暑假，我终于有时间，坐了将近五个小时的车，一路上看着窗外的风景慢慢从城市变成农田，第一次来到了他从小长大的小村子。

一到那里，小张的爸爸妈妈就热情地招待我，做了满满一桌子的家常菜，都是自己家里种的蔬菜，虽然我们是第一次见面，但完全没有陌生的感觉，反而觉得特别亲切。晚上，小张带我在村子里散步，给我介绍他小时候常去的地方——爬过的树、玩过的池塘，讲了很多有意思的童年故事，我们边走边笑，不知不觉走了很远。

第二天，我们还一起去了附近的田地，体验了一下摘菜的过程，虽然又热又累，衣服都被汗水湿透了，但特别有意思，还学到了不少分辨蔬菜的小知识，摘完的蔬菜晚上就变成了餐桌上的一道菜。离开的那天，小张的妈妈还特意装了一大袋自己种的蔬菜让我带回城市。这次去朋友家乡的旅行，让我看到了和城市完全不一样的生活，也更了解了小张成长的环境，我们两个人的感情也因此变得更深了。"
26,4,美食之旅,"这次假期，我和朋友决定不安排太多景点，专门来一次""吃货之旅""，把这个城市有名的小吃都尝一遍，提前还在网上做了一份长长的美食清单。刚下飞机，我们就直接去了当地最有名的一条小吃街，还没放行李就迫不及待地开始品尝。

三天的时间里，我们吃了各种各样的美食，有的味道特别惊艳，让我们忍不住想再吃一次，甚至排队再买一份；也有的完全不合我们的口味，只能笑着放弃。为了不错过美食，我们每天都走很多路，肚子饿了就随便找一家小店坐下来吃，晚上回到酒店都累得直接躺下。

虽然这次旅行没有去任何有名的景点，回去以后朋友们都笑我们""白来了""，问我们那些著名的景点长什么样，我们也答不上来，只能拿出手机里拍的各种美食照片给他们看，惹得大家都饿了，纷纷让我们推荐几家值得去的小店。但对我们两个人来说，这趟旅行吃到了很多难忘的味道，体验了当地人的日常生活，比单纯看风景更有意思，我们已经开始计划下一次的美食之旅了。"
27,4,海边度假,"去年夏天，我和几个大学同学约好一起去海边度假，这是我们毕业以后第一次一起出去旅行，大家都特别期待，提前好几个星期就开始讨论行程，在群里发了各种攻略和照片。

到了海边，我们租了一个离沙滩很近的房子，推开窗户就能看到大海，每天早上起来第一件事就是去海边散步，看日出，感受海风吹在脸上的感觉。白天，我们一起游泳、玩沙滩排球，晒得皮肤都变黑了一些，中午随便找一家海边的小店吃点海鲜，晚上就坐在沙滩上，一边看星星，一边聊聊毕业以后各自的生活，工作上的烦恼、以后的打算，什么都聊。

这次旅行虽然只有短短四天，但让我们几个好久没见的朋友重新聚在了一起，也让我暂时忘记了工作上的压力，感觉自己又回到了大学时候无忧无虑的样子，甚至像大学时候一样，玩到很晚才肯睡觉，白天顶着黑眼圈也要坚持去游泳。回去的时候，大家都说，以后不管多忙，每年都要抽时间聚一次，不能让友情因为忙碌而渐渐变淡，还约定好了下一次要去哪里旅行。"
28,4,露营,"这是我第一次露营，一开始心里挺紧张的，担心自己不习惯在外面过夜，也担心晚上会有虫子或者别的动物。朋友们都很有经验，他们负责搭帐篷、准备食物，动作特别熟练，我则跟着他们一起学习怎么生火、怎么做简单的野外料理，学得手忙脚乱。

晚上，我们围着篝火坐在一起，一边烤东西吃，一边聊天，火光照在每个人脸上，天上的星星特别多，密密麻麻地铺满了整个天空，是我在城市里从来没见过的景象。虽然晚上睡觉的时候，帐篷外面的风声和不知名的虫鸣让我有点害怕，翻来覆去睡不着，但因为有朋友们陪着，聊着聊着慢慢也就习惯了，不知不觉睡着了。

第二天早上，我们一起收拾东西，虽然身上有点酸痛，睡得也不太好，但心情却特别好，看着朝阳照在帐篷上，觉得特别宁静，空气也特别新鲜，跟平时在城市里呼吸到的完全不一样。这次露营的经历让我发现，离开手机和城市的生活，反而能更真实地感受到大自然的美好，也让我们几个朋友的关系更近了一步，大家都说下次还要再来。"
29,4,博物馆之旅,"这次去邻市出差，正好有一天空闲的时间，我决定去参观当地一家有名的博物馆，据说里面收藏了很多历史悠久的文物，是很多游客特意过来参观的地方。

一走进博物馆，我就被里面丰富的展品吸引住了，从古代的器物到近代的照片，每一件展品旁边都有详细的介绍，让我对这个地方的历史有了更深的了解，也比想象中更加丰富多彩，展厅里还播放着相关的纪录片。我请了一位讲解员，一边听讲解，一边慢慢地参观，讲解员讲的一些小故事特别有意思，让原本枯燥的历史一下子生动起来，不知不觉就花了三个多小时，比原计划多了将近一个小时。

参观结束以后，我在博物馆的礼品店买了一本介绍当地历史的书，还有几张明信片，打算回去以后再仔细看看，也当作留个纪念，说不定以后再来出差的时候还能用得上，也可以送给同样喜欢历史的同事。这次出差之余的博物馆之旅，让我觉得，即使是工作旅行，也可以抽出一点时间，多了解一个地方的文化，让出差不只是开会和赶飞机。"
30,4,长假旅行,"今年国庆假期，我和家人决定出去玩几天，提前订好了酒店和车票，可是没想到，几乎全国的人好像都选择在这个时候出门旅游，我们去的每一个景点都排着长长的队伍，从大门口一直排到很远的地方。

到了目的地，酒店的房间比平时贵了不少，还差点没订到，景区里也是人挤人，走路都很困难，拍照的时候，照片里全都是陌生人的背影，怎么都拍不出干净的画面，连坐车都要提前很久排队买票。虽然如此，一家人还是尽量调整心态，把排队的时间当作聊天的机会，一起猜接下来会看到什么景色。

这次假期虽然人多得超出了我们的想象，玩得也没有平时那么轻松，很多计划好的项目因为排队太久只能放弃，晚上找吃饭的地方也要排队等位，有一次甚至等了将近一个小时才吃上晚饭。但一家人在一起，即使只是排队等待，也觉得挺开心的，还在排队的时候玩起了猜谜语的游戏。这次旅行让我明白，以后出去玩，可能要尽量避开这种人多的高峰时间，选一个人少一点的季节。"
31,4,骑车环湖,"上个周末，我和朋友一起骑自行车环游了城市附近的一个大湖，全程大概三十公里，是我第一次尝试这么长距离的骑行，出发前特意检查了一下自行车的状况，还给轮胎打足了气，带了两瓶水和一些零食。

出发的时候，大家都信心满满，一路上说说笑笑，还比赛谁骑得更快，可是骑到一半，体力开始明显下降，腿也越来越酸，风也变得越来越大，逆风骑行让人更加吃力，中间我们停下来休息了好几次，一边喝水，一边看看湖边的风景，慢慢恢复体力，也顺便拍了几张照片留念。

经过将近四个小时，我们终于完成了整个环湖的路线，回到出发点的时候，大家都忍不住欢呼了起来，互相拍照留念，纪念这次不容易的骑行。虽然回到家以后浑身酸痛，接下来两天走路都有点不方便，上下楼梯都要扶着栏杆，但完成这次骑行以后的成就感，让我觉得所有的辛苦都是值得的。朋友们说，下次还要挑战更长的路线，甚至开始讨论去更远的地方骑行，我一边喊累一边又忍不住开始期待。"
32,4,自由行迷路,"这次是我第一次一个人自由行，没有报旅行团，也没有请导游，完全按照自己的节奏走，想去哪里就去哪里，想待多久就待多久。第二天，我打算去一个有名的古镇看看，没想到因为地图不太准确，加上巷子实在太多太像，我在小巷子里绕来绕去，走了很久都找不到出口。

一开始我有点着急，手机的信号也不太好，可是转念一想，反正也没有什么时间限制，也没有人在等我，就当作是一次意外的探险吧。就这样，我沿着小巷子随便走，反而发现了很多地图上没有标出来的小店和有意思的角落，比如一家藏在巷子深处的手工艺品店，还遇到了几位很热情的当地人，主动跟我聊起了这个古镇的历史。

虽然那天原本计划要去的几个景点最后都没有去成，但因为这次""迷路""，我看到了一个更真实的古镇，也收获了几段有意思的对话，比看那些热门景点更有收获，甚至觉得自己找到了这个古镇最有味道的一面。这次经历让我明白，旅行有时候不需要太多计划，意外也可能带来惊喜。"
33,4,春节回家,"每年春节，不管工作多忙，我都会想尽办法回老家过年，因为对我来说，这是一年中最重要的一次旅行，也是一年里唯一能和全家人聚在一起的时候。今年因为车票太难买，我提前一个多月就开始每天上网抢票，闹钟都特意调到抢票开始的那一刻，最后终于买到了回家的火车票。

坐了将近十个小时的火车，中间还换了一次车，一路上手机都没什么信号，只能看看窗外的风景打发时间。一到家门口，就看到爸爸妈妈已经站在门口等着我了，手里还拿着我最爱吃的糖果，那一刻，一路上的疲惫一下子就消失了。回家的这几天，妈妈每天都做很多好吃的菜，厨房里总是飘着香味，家里也来了很多亲戚朋友，大家坐在一起打牌、聊天，特别热闹。

虽然春节回家的路上又挤又累，抢票也不容易，车厢里挤满了和我一样赶着回家的人，连过道上都站满了拿着大包小包的乘客，但每年都能和家人聚在一起吃一顿团圆饭，对我来说，这比去任何有名的旅游景点都更有意义，也是支撑我熬过一年辛苦工作的动力。"
34,4,第一次独自旅行,"大学毕业以后，工作变得越来越忙，我一直没有机会好好休息，日子过得像上了发条一样，于是决定给自己放一个星期的假，一个人去一个从来没去过的城市旅行，这也是我第一次完全独自出门旅游。

刚开始的时候，我有点不习惯一个人做决定，连吃饭都要考虑很久，看着菜单不知道选什么，也会因为找不到路而感到不安，总是忍不住频繁看手机地图。但慢慢地，我开始享受这种自由的感觉，可以完全按照自己的想法安排每一天，想在哪里多待就多待，想什么时候回酒店就什么时候回去，不用迁就任何人。

这一个星期，我参观了很多以前只在照片里看过的地方，坐在从来没坐过的小巷咖啡馆里发呆，看着来来往往的行人，也在旅途中认识了几位同样一个人旅行的朋友，一起吃了顿饭，聊了很多关于旅行的故事，还互相加了联系方式，约好以后分享各自旅行的照片。回去以后，我发现自己变得更加独立，也更了解自己喜欢什么样的旅行方式。这次独自旅行的经历，让我对自己更有信心了。"
35,5,我的存钱计划,"以前我从来没有存钱的习惯，工资一发下来，没过几天就花得差不多了。有一次，我看到银行账户里只剩下几百块钱，突然觉得有点害怕，如果这时候突然遇到什么急事，我根本拿不出钱来解决。

从那以后，我决定给自己定一个存钱计划。每个月工资一到账，我先把三分之一转到另一张不常用的银行卡里，剩下的钱才用来生活。一开始很不习惯，总觉得手头的钱不够花，只能减少一些不必要的开销，比如少点外卖，少买一些用不上的东西。刚开始那几个月，看着存款一点点增加，虽然速度很慢，但每次看到数字变大，心里都会有一种小小的成就感，这也成了我坚持下去的动力。

坚持了半年以后，我发现自己不但存下了一笔钱，花钱的习惯也变得更理性了。以前看到喜欢的东西就想马上买，现在会先想一想是不是真的需要。这次经历让我明白，存钱不是要过苦日子，而是要更清楚地知道自己的钱花在了哪里。"
36,5,我家的猫,"去年秋天，我从朋友家收养了一只小猫，取名叫""豆豆""。刚开始那几天，豆豆特别害怕，一直躲在沙发底下，不吃东西也不出来，我心里又着急又难过，担心它是不是不适应新家。

后来我上网查了很多资料，学着怎么跟猫相处。我不再主动去抱它，而是每天定时把食物放在离沙发不远的地方，然后安安静静地坐在旁边，让它自己决定要不要过来。大概过了一个星期，豆豆终于愿意从沙发底下出来，小心翼翼地吃了几口猫粮。那一刻我高兴得差点掉眼泪，赶紧给男朋友发消息分享这个好消息。

现在，豆豆已经完全适应了这个家，每天早上都会跳到我的床上叫我起床，晚上我下班回家，它也会跑到门口迎接我。养猫这件事让我学会了耐心，也让我明白，有时候关心一个人或者一只动物，最好的方式不是强迫，而是给对方时间和空间。"
37,5,邻居的一次帮助,"上个月，我出差半个月，走之前忘了告诉邻居王阿姨。没想到我出差期间下了好几场大雨，家里阳台的窗户没关好，雨水一直往屋里灌。王阿姨路过我家门口，听到屋里有水声，觉得不对劲，就用她自己留着的备用钥匙进了我家，帮我把窗户关好，还把地上的水擦干净了。

我出差回来，看到家里一切正常，还有点奇怪，后来才知道是王阿姨帮的忙。我特别感动，专门买了一些水果去感谢她。王阿姨却说这没什么，邻居之间就应该互相照顾，她自己也曾经忘记关炉子，还是隔壁邻居提醒她的。听她这么一说，我才知道原来这条楼道里的邻居们，平时都在默默地互相关照着。

这件事让我重新认识了""邻居""这两个字的意义。以前我总觉得住在城市里，邻居之间不太熟悉也没关系，各过各的生活就行了。但经过这次事情，我才发现，好邻居真的能在关键时刻帮上大忙，也让我开始更主动地跟身边的邻居打交道。"
38,5,我的健身之路,"两年前，我的体重达到了人生的最高点，稍微爬几层楼梯就会喘得厉害。去医院体检的时候，医生提醒我要注意运动和饮食，不然以后可能会有一些健康问题。这句话对我触动很大，我下定决心要开始健身。

一开始，我完全不知道该怎么做，只是每天去公园跑步，跑不到十分钟就累得不行。后来我请了一位健身教练，跟着他学习正确的运动方法，还调整了自己的饮食习惯，减少了油炸食品和甜食的摄入，多吃蔬菜和蛋白质含量高的食物。刚开始那几个星期，浑身肌肉酸痛，走路都费劲，好几次都想放弃，是教练一直在旁边鼓励我坚持下来。

坚持了大半年之后，我不但瘦了十几斤，体力也比以前好了很多，爬楼梯再也不会喘不上气了。更重要的是，我发现自己变得更有自信，做事情的精神状态也比以前好了不少。现在健身已经成了我生活中不可缺少的一部分，我打算一直坚持下去。"
39,5,学摄影的这一年,"去年生日的时候，男朋友送了我一台相机作为礼物。收到礼物之前，我对摄影完全不了解，只会用手机随便拍拍照片。但自从有了这台相机，我渐渐迷上了摄影这件事。

最开始，我拍出来的照片总是模糊不清，要么太暗要么太亮，完全达不到自己想要的效果。为了拍得更好，我在网上报了一个摄影入门课程，从光线、构图这些最基础的知识学起，周末还经常一个人背着相机出门练习。有时候为了拍到满意的一张照片，我会在同一个地方等上好几个小时，耐心等待最合适的光线出现。

慢慢地，我拍照的水平有了明显的进步，身边的朋友也开始请我帮他们拍照留念。上个月，我把自己拍的一组照片发到网上，没想到得到了很多陌生人的称赞，这给了我很大的信心。摄影这件事让我发现，原来我也可以在忙碌的生活中，找到一件真正让自己开心、并且能坚持做下去的事情。"
40,5,搬家整理旧物,"上个星期，我终于搬进了新租的房子，告别了住了五年的老房子。搬家前整理东西的时候，我才发现自己不知不觉囤积了那么多用不上的东西——几年没穿过的衣服、早就过期的化妆品，还有一堆舍不得扔的旧信件和照片。

一开始，我打算把所有东西都带到新家去，觉得扔掉太可惜。但看着堆得像小山一样的箱子，我意识到如果继续这样下去，新家很快也会变得又乱又挤。于是我狠下心，把用不上的衣服捐给了需要的人，把过期的东西直接扔掉，只留下真正有用或者有特别意义的东西。整理旧信件的时候，我还翻出了几张早就忘记的老照片，忍不住坐在地上看了好久。

整理完以后，我发现搬到新家的行李比原来少了将近一半，房间也变得清爽了很多。这次搬家让我明白，生活中很多东西其实并不需要一直留着，学会适当地放手，反而能让自己的生活更轻松、更简单。"
41,5,和老朋友重新联系,"大学毕业以后，我和室友小林各自去了不同的城市工作，渐渐地联系也越来越少，有时候一年都说不上几句话。前段时间，我在整理旧照片的时候，看到了我们大学时期一起旅行的照片，突然特别想念那段时光，也很想知道她现在过得怎么样。

我鼓起勇气给她发了一条消息，没想到她很快就回复了，还说自己最近也常常想起我们一起住宿舍的日子。我们聊了整整一个晚上，从各自的工作聊到生活中的烦恼，感觉就像回到了大学时代一样，完全没有陌生的感觉。说着说着，我们都忍不住笑了起来，好几次都因为想起当年的糗事笑得停不下来。

后来我们约好，下个月小林要来我所在的城市出差，到时候一定要见面吃饭。这次重新联系让我明白，真正的友情就算隔了很长时间，也不会轻易消失，只要愿意主动迈出第一步，很多以为已经淡了的关系，其实都还在那里等着我们。"
42,5,一个人的旅行,"这是我第一次一个人出去旅行，说实话，出发之前我心里既兴奋又有点紧张，担心一个人在陌生的城市会不会遇到麻烦。朋友们都劝我找个伴一起去，但我还是决定试一试，想体验一下独自旅行是什么感觉。

到了目的地以后，我发现一个人旅行其实没有想象中那么难。因为没有人商量，所有的行程都可以完全按照自己的想法安排，想在一个地方多待一会儿就多待一会儿，想临时改变计划也完全没问题。我一个人逛了当地的老街，坐在小咖啡馆里看了一下午的书，还跟旅店老板聊了很久，了解了不少当地的故事。晚上，我一个人坐在旅店的天台上，看着满天星星，心里前所未有地平静。

这次旅行虽然只有短短四天，但给了我很大的收获。我学会了独自面对陌生的环境，也更了解了自己真正喜欢什么样的生活方式。回来以后，我发现自己变得更加自信，也不再那么害怕一个人做事情了。"
43,5,回老家过年,"每年春节，我都会和爸爸妈妈一起坐火车回老家过年，这已经成了我们家多年不变的习惯。今年春节前，火车票特别难买，我提前一个月就守在电脑前抢票，好不容易才买到了三张站票，一路上要站将近十个小时。

虽然又累又辛苦，但一想到能回去看爷爷奶奶，还有那些好久不见的亲戚朋友，心里就觉得特别期待。到家的那天，村口就能闻到饭菜的香味，奶奶早就在门口等着我们了，一见面就紧紧地抱住我，说又想我了。爷爷坐在屋里的火炉旁边，看到我们进门，脸上的皱纹都笑成了一朵花。

在老家的这几天，我们一家人一起包饺子、贴春联，晚上还坐在一起看春节联欢晚会。虽然老家的生活条件比不上大城市方便，但那种一家人聚在一起的温暖，是在外面怎么也找不到的。这次回家让我更加懂得珍惜和家人在一起的时光。"
44,5,一次说走就走的旅行,"上个星期五晚上，我下班后跟朋友吃饭，两个人聊着聊着突然说想去海边看看，然后就真的当场决定第二天一早出发，谁都没有提前做任何准备。这是我人生中第一次这样""说走就走""的旅行。

第二天一早，我们简单收拾了几件衣服就出发了，连酒店都是坐在车上临时定的。因为没有提前规划路线，我们走错了好几次路，还差点错过了退房时间，一路上发生了不少小意外，但也正因为这样，反而多了很多意想不到的乐趣，比如无意中发现了一家味道特别好的小饭馆，老板娘听说我们是临时决定过来的，还特意多送了一份当地特色小菜。

这次旅行虽然一点计划都没有，甚至有点混乱，但却是我印象最深的一次旅行之一。它让我明白，旅行不一定非要提前安排得周周到到，有时候放下计划，跟着心情走，反而能收获更多惊喜。"
45,5,旅行中迷路的经历,"去年夏天，我一个人去一个陌生的城市旅行，那天下午我打算步行去一个有名的公园，谁知道手机没电了，我又不认识路，很快就在一堆小巷子里迷失了方向，越走越不知道自己在哪儿。

天色渐渐暗了下来，我心里越来越着急，试着向路人问路，可是我不会说当地的方言，对方也听不太懂普通话，交流特别困难。就在我快要绝望的时候，一位骑自行车路过的大叔看出了我的窘境，主动停下来，虽然他也不太会说普通话，但还是耐心地用手比划着，最后干脆带着我骑车走了一段路，把我送到了大路口。分开的时候，他冲我摆摆手，笑着骑车离开了，我甚至都没来得及问他的名字。

后来我顺利找到了公园，还看到了特别漂亮的日落。这次迷路的经历虽然让我担心了好一阵子，但也让我感受到了陌生人的善意。现在每次想起那个大叔的帮助，我都觉得心里特别温暖。"
46,5,跟团旅游的体验,"这次假期，我第一次报了旅行团，跟着二十几个人一起去了一个风景很美的地方旅游。出发之前，我以为跟团旅游会比自己安排轻松很多，什么都不用操心，只要跟着导游走就行了。

但真正体验以后，我发现跟团旅游也有它的不方便之处。每天的行程都排得很紧，经常是刚到一个景点还没来得及好好欣赏风景，导游就催着大家上车去下一个地方，很多想多待一会儿的地方，都只能匆匆看一眼。而且团队里每个人的兴趣和体力都不太一样，有时候需要互相迁就。有一次团里两位老人走得慢，导游又不愿意多等，其他人只好轮流放慢脚步陪着他们。

不过，跟团旅游也有它的好处，比如不用自己操心交通和住宿，还认识了不少新朋友，大家一路上互相照顾，聊得很开心。这次经历让我明白，自由行和跟团旅游各有各的优点和缺点，以后我会根据不同的旅行目的，选择最合适的方式。"
47,5,去海边度假,"今年夏天，我和家人一起去了海边度假，这是我们家好几年来第一次一起出远门旅行。到了那里，蓝色的大海和金色的沙滩让我们都特别兴奋，一下车就迫不及待地冲到海边，感受海风的味道。

我们在海边住了三天，每天早上都会去沙滩上散步，看日出，中午吃当地新鲜的海鲜，下午就在酒店的游泳池里游泳，或者躺在沙滩椅上晒太阳、看书。晚上，我们一起去海边的夜市逛街，尝了很多没吃过的小吃，还买了一些当地特色的纪念品。爸爸难得放下平时严肃的样子，光着脚在沙滩上追着海浪跑，笑得像个孩子一样。

这次旅行虽然没有去很多景点，大部分时间都是在海边放松休息，但正是这种慢节奏的生活，让平时工作忙碌的爸爸妈妈都放松了不少。看着家人脸上轻松的笑容，我觉得这次旅行的意义，不在于去了多少地方，而在于一家人能好好地在一起。"
48,5,自驾游的经历,"今年国庆假期，我和男朋友决定自己开车去周边省份自驾游，而不是像以前一样坐火车或者飞机。出发前，我们花了不少时间规划路线，还在车上准备了不少零食和水，为长途开车做好了准备。

自驾游最大的好处就是自由，我们可以随时停下车，看到喜欢的风景就下车拍照，饿了就找路边的小店吃饭，完全不受时间的限制。路上我们经过了一片很大的向日葵田，虽然这不在原本的计划里，但我们还是临时停下来，拍了很多照片。我们还在田边遇到了几位同样自驾路过的旅客，大家一起聊了聊接下来的路线，互相推荐了不少值得一去的地方。

不过自驾游也有辛苦的地方，男朋友一个人开了将近八个小时的车，到了晚上已经非常疲惫。这次经历让我明白，自驾游虽然自由，但也需要提前做好体力和路线上的准备，两个人轮流开车会更安全一些，我们打算下次出发前学会互相分担开车的任务。"
49,5,换工作的决定,"在同一家公司工作了三年之后，我做出了一个让身边不少人都感到意外的决定——辞职换一份新工作。虽然现在这份工作稳定，收入也不错，但我渐渐发现自己每天都在重复同样的事情，很久没有学到新的东西了，这种感觉让我越来越不安。

做出决定之前，我认真考虑了很久，也和家人商量了好几次。爸爸妈妈一开始并不支持，觉得放弃一份稳定的工作太冒险，但当他们看到我这段时间真心不快乐的样子，最后还是选择尊重我的想法。为了增加成功的把握，我利用业余时间学习了新的技能，还整理了自己这几年的工作成果，认真准备了简历。有几次面试因为经验不够对口被拒绝了，我并没有气馁，而是认真总结每一次失败的原因。

经过两个月的面试，我终于拿到了一份新工作的录用通知。虽然新的环境意味着一切都要重新开始，也会有不少挑战，但我心里更多的是期待。这次换工作的经历让我明白，有时候离开熟悉的环境，也是一种成长。"
50,5,准备一场重要的演讲,"上个月，公司安排我代表部门在全公司大会上做一次演讲，介绍我们最近完成的一个项目。这是我工作以来第一次要面对这么多人讲话，一想到台下会坐着上百个同事，包括平时很少见面的高层领导，我就紧张得吃不下饭。

为了准备这次演讲，我提前两个星期就开始写稿子，反反复复修改了很多遍，还专门请一位擅长演讲的同事帮我看内容，提了不少宝贵的建议。演讲前的那个周末，我一个人对着镜子练习了好几次，尽量让自己讲起来更自然，不要看稿子念。男朋友还特意当了一回观众，坐在客厅里认真听我练习，帮我指出语速太快、手势太生硬的地方。

演讲当天，虽然一开始站在台上还是有点紧张，声音有点抖，但讲着讲着，我渐渐放松下来，也顺利完成了整个演讲，还得到了不少同事的称赞。这次经历让我明白，紧张其实很正常，只要提前做好充分的准备，就能更有信心地面对挑战。"
51,5,大学社团的回忆,"大学一年级刚入学的时候，我参加了学校的话剧社，这个决定几乎改变了我整个大学生活。刚开始加入的时候，我性格比较内向，不太敢在人多的地方说话，更不用说站在舞台上表演了，但因为对话剧一直很感兴趣，我还是鼓起勇气报了名。

在社团里，学长学姐都特别热心，耐心地教我们怎么念台词、怎么在舞台上表现情绪。第一次上台排练的时候，我紧张得手都在抖，台词也忘了好几句，但大家没有嘲笑我，反而一直鼓励我继续练习。经过一学期的努力，我终于在期末的话剧演出中，成功地完成了自己的第一个角色。谢幕的时候，台下响起了热烈的掌声，那种成就感是我从来没有体验过的。

四年的大学生活里，我一直留在这个社团，从一个害怕上台的新人，慢慢变成了能够指导学弟学妹的老成员。回想起来，话剧社不仅让我克服了自己内向的性格，还让我认识了一群一直保持联系的好朋友，这段经历是我大学生活中最珍贵的回忆之一。"
52,5,写毕业论文的日子,"大四那一年，写毕业论文是我大学期间压力最大的一段时间。选题的时候，我花了将近一个月的时间才最终确定研究方向，之后又要查阅大量的资料，常常一坐在图书馆就是一整天，晚上回到宿舍还要继续整理数据、修改内容。

写作的过程并不顺利，有好几次我把已经写好的部分推翻重写，还因为进度太慢跟导师产生了一些分歧，那段时间我情绪特别低落，甚至怀疑自己是不是根本没有能力完成这篇论文。幸好室友一直陪着我，经常鼓励我，还帮我一起检查论文里的语病和格式问题。她甚至陪我在图书馆一坐就是一整天，饿了就一起去楼下买点东西简单吃两口。

最后交论文的那天晚上，我一直改到凌晨三点，终于把论文提交了上去。答辩的时候，虽然还是有点紧张，但顺利地回答了老师提出的所有问题，最终这篇论文得到了不错的评价。回想起写论文的这几个月，虽然辛苦，但也让我学会了怎么独立完成一项长期而复杂的任务。"
53,5,一次兼职的经历,"大三暑假，我在一家咖啡店找了一份兼职工作，主要负责点单和制作饮品。这是我人生中第一份正式的工作，虽然只是一份兼职，但我还是特别认真地对待，希望能给店长和同事留下好印象。

工作的第一个星期，我经常手忙脚乱，记不清客人的点单，还因为不熟悉操作，把咖啡机弄坏了一次，心里特别愧疚，甚至担心会被店长责怪。没想到店长并没有生气，反而耐心地教我怎么正确使用机器，还安慰我说，谁刚开始工作都会犯错，重要的是能不能从错误中学到东西。听了这句话，我心里的愧疚一下子轻松了不少，也暗暗下定决心一定要把机器的操作方法学扎实。

这份兼职工作只做了两个月，但让我学到了很多在学校里学不到的东西，比如怎么在忙碌中保持冷静，怎么跟不同性格的客人和同事打交道。这段经历也让我明白，工作中犯错并不可怕，可怕的是不敢承认错误、不愿意改进。"
54,5,和同事一起完成的项目,"上个季度，公司交给我们小组一个时间紧、任务重的项目，要求在短短一个月内完成原本需要两个月才能做完的工作量。接到任务的时候，组里每个人都感到压力很大，担心根本没办法按时完成。

为了赶上进度，我们几个同事重新分配了各自的工作内容，每天早上开一个简短的会议，确认当天要完成的任务，遇到问题也会第一时间互相沟通，而不是一个人闷头解决。有一次，负责数据部分的同事生病请假，其他人主动分担了他的工作，没有让项目因此耽误。大家甚至自发地在下班后留下来加班，谁都没有一句怨言。

最后，我们不仅按时完成了这个项目，质量也得到了客户的认可。项目结束后，组长请大家一起吃了一顿庆功饭，气氛特别轻松愉快。这次经历让我深刻体会到，一个团队只要沟通顺畅、互相配合，就能完成看起来不可能完成的任务。"
55,5,期末考试周的日子,"每年到了期末考试周，是我大学生活里最紧张的一段时间。这个学期我选了好几门比较难的课，眼看考试时间快到了，复习的内容却还有一大半没看完，那段时间我几乎每天都泡在图书馆里，从早上开馆一直待到闭馆。

为了提高复习效率，我和几个同学组成了一个学习小组，大家分工整理各科的复习资料，互相讲解不懂的知识点。有一门课的内容特别难懂，我们几个人经常讨论到很晚，有时候为了一道题争论好久，但也正是通过这种互相讲解的方式，很多原本模糊的概念才慢慢变得清楚起来。图书馆快闭馆的时候，我们几个人还经常意犹未尽地站在门口继续讨论。

考试周结束以后，我瘦了好几斤，整个人也特别疲惫，但看到自己的成绩比预想的要好，之前所有的辛苦都觉得值得了。这段紧张的复习经历让我明白，一群人一起努力，往往比一个人单打独斗更有效率，也更能坚持下去。"
56,5,关于社交网络的一点看法,"这几年，社交网络已经成了很多人生活中不可缺少的一部分，我自己也是每天要刷好几次朋友圈、看看大家都在做什么。但最近我开始重新思考，这种习惯到底给我带来了什么。

不可否认，社交网络确实带来了很多方便，让我们可以随时了解朋友的近况，分享自己生活中的点滴，也能在网上认识更多志同道合的人。但另一方面，我也发现自己经常不自觉地把自己的生活和别人比较，看到别人晒出去旅行、买了新东西，心里难免会产生一些不必要的焦虑。有一段时间，我几乎每天睡前都要刷半个小时手机，明明很困，却还是舍不得放下手机。

我并不是说要完全放弃社交网络，而是觉得应该更有意识地使用它，而不是被它牵着走。比如设定每天使用的时间，或者提醒自己，网上看到的往往只是别人生活中最好的一面，并不代表全部。学会理性地看待社交网络上的信息，也许才是这个时代每个人都需要学习的一课。"
57,5,一个人生活的这几年,"大学毕业以后，我一直一个人在外地生活，算起来已经快五年了。刚开始的时候，身边不少人替我担心，觉得一个人生活会很孤单，也会遇到很多不方便的地方，比如生病了没人照顾，家里的电器坏了也要自己想办法解决。

确实，一个人生活的这些年里，我也遇到过不少这样的困难，尤其是生病发烧的那几次，一个人躺在床上，确实会觉得特别无助。但除此之外，我也渐渐发现了一个人生活的好处：我可以完全按照自己的节奏安排生活，不用迁就别人的作息，也有更多独处的时间去思考自己真正想要什么。周末的时候，我可以整个下午都窝在沙发里看书、听音乐，完全不用担心打扰到别人，也不用配合别人的安排。

这几年一个人生活的经历，让我学会了照顾自己，也学会了在孤独中找到平静。我并不认为一个人生活就一定是孤独或者可怜的，相反，这段时间反而让我更了解自己，也变得更加独立和坚强。当然，如果有一天生活方式发生了变化，我也会去接受和适应新的状态。"
58,5,关于读书习惯的一点想法,"上大学以前，我几乎没有主动读过什么课外书，工作以后，因为通勤时间比较长，我开始尝试用这段时间读书，没想到渐渐养成了每天读书的习惯，到现在已经坚持了两年多。

刚开始读书的时候，我总是想要读一些""有用""的书，比如跟工作相关的专业书籍，希望能通过读书快速提升自己的能力。但读了一段时间以后，我发现自己反而更喜欢读一些看起来""没什么用""的小说和散文，这些书虽然不能直接帮我解决工作上的问题，却能让我在忙碌的生活中获得片刻的放松，也让我对生活有了更多不一样的理解。有一次读到一本小说里的一句话，正好说出了我当时说不清楚的心情，那种被理解的感觉，让我久久不能忘记。

现在回头看，我觉得读书这件事，并不一定非要追求立刻见效的""用处""。有时候，一本书带给我们的，可能只是一种情绪上的共鸣，或者是看待问题的一个新角度，而这些看不见摸不着的收获，往往比表面上的""有用""更加珍贵。"
59,5,关于健康饮食的一点看法,"以前工作忙的时候，我经常靠外卖和方便食品解决一日三餐，很少会认真考虑营养是否均衡，只要能填饱肚子、味道过得去就行。直到有一次体检，医生提醒我血脂偏高，建议我调整饮食习惯，我才开始重视这个问题。

从那以后，我尝试自己在家做饭，多吃蔬菜和水果，减少油炸和高糖食品的摄入。一开始确实有些不适应，总觉得自己做的菜没有外卖好吃，也花费了不少时间和精力，好几次都想放弃重新点外卖。但坚持了几个月以后，我不仅体检指标恢复了正常，整个人的精神状态也变得比以前更好了。

这段经历让我意识到，健康饮食并不是要完全放弃美食，牺牲生活中的乐趣，而是要在满足口腹之欲和保持身体健康之间找到一个平衡点。现在的我，虽然偶尔还是会吃一些外卖，但已经养成了在大部分时候优先选择健康食物的习惯，这个改变让我的生活质量提高了不少。"
60,5,关于时间管理的一点体会,"以前我一直觉得自己是一个很忙的人，每天从早忙到晚，却总感觉时间不够用，很多计划好的事情最后都没能完成。后来我开始反思，问题也许并不在于我没有时间，而在于我不知道怎么合理安排时间。

为了改善这个问题，我开始尝试每天晚上花十分钟，列出第二天要做的事情，并且按照重要程度排出优先顺序。一开始执行起来并不容易，经常会被一些临时出现的小事打乱计划，但慢慢地我学会了区分哪些事情真正重要、哪些事情可以推迟甚至不做。有几次遇到临时的会议或者突发状况，我也学会了灵活调整清单，而不是死板地照搬计划。

坚持了几个月的时间管理以后，我发现自己不但完成计划的效率提高了，晚上也有了更多属于自己的休息时间，不再像以前那样，每天都过得手忙脚乱。这段经历让我明白，时间管理的核心，并不是要把每一分钟都填满任务，而是要学会分辨轻重缓急，把有限的时间和精力，用在真正重要的事情上。"
61,5,关于养宠物这件事的一点感想,"身边不少朋友都劝过我养一只宠物，说宠物能陪伴人、排解孤独，但我一直有些犹豫，担心自己没有足够的时间和精力照顾好一个生命。直到去年，因为一次特殊的机会，我收养了一只被遗弃的小狗，这才真正开始了自己的养宠生活。

养宠物之后，我才发现这件事远比想象中要辛苦，每天要按时喂食、遛狗，定期还要带它去打疫苗、体检，生活规律也因此发生了不小的变化，以前经常在外面聚会到很晚，现在则要考虑家里还有一只等着自己的小狗。刚开始那段时间，我甚至因为它半夜生病，紧张地抱着它跑了好几家宠物医院，最后累得直接在诊所的椅子上睡着了。

不过，这些辛苦也换来了很多没有预料到的快乐。每天下班回家，看到它摇着尾巴跑过来迎接自己，一天的疲惫似乎都被冲淡了不少。这段养宠经历让我明白，养一只宠物意味着要承担一份实实在在的责任，但正是这份责任，也让我的生活多了一份牵挂和温暖。"
62,5,关于旅行意义的一点思考,"每次假期，身边总有朋友喜欢往外跑，去过很多地方旅行，也有朋友更愿意留在家里，觉得旅行不过是换个地方花钱、拍照。以前我也曾经怀疑过，花那么多时间和金钱去旅行，到底有什么意义。

后来我自己去了几次远方旅行，慢慢有了不一样的体会。旅行的意义，也许并不在于打卡了多少著名的景点，拍了多少好看的照片，而在于走出熟悉的环境以后，我们会不自觉地用一种新的眼光去看待周围的一切，也更容易发现自己平时忽略的一些想法和感受。比如在异国的街头独自散步时，我常常会不由自主地想起很多平时无暇顾及的问题。

有一次在旅途中，我因为语言不通、路线不熟，遇到了不少小麻烦，但也正是在这些""不顺利""中，我学会了怎么冷静地解决问题，也遇到了不少愿意伸出援手的陌生人。这些经历，是待在熟悉的环境里很难获得的。所以现在的我认为，旅行真正的价值，也许并不在目的地本身，而在于我们在路上遇到的人和事，以及因此而改变的自己。"
63,6,一次搬家的经历,"上个月，我从住了五年的老房子搬到了现在的公寓。原本以为搬家不过是把东西从一个地方挪到另一个地方，可真正收拾起来才发现，这件事远比想象中复杂。

打包的过程中，我翻出了很多早已被遗忘的东西——大学时期的笔记本、朋友送的生日礼物、甚至还有几张已经泛黄的照片。每一件物品背后似乎都藏着一段记忆，让我一边收拾一边忍不住停下来回忆。原本计划两天完成的打包工作，最后花了整整一个星期。

搬家那天，看着空荡荡的老房子，我心里竟然生出一种说不清的情绪。这里承载了我毕业后最初几年的生活，有过忙碌的加班夜晚，也有过和朋友聚会的欢乐时光。虽然新公寓离市中心更近，条件也更好，但离开这里，还是让我有些不舍。

这次搬家让我意识到，一个居住的空间，早已不仅仅是一个物理意义上的住所，它悄悄地承载了我们生活中的种种痕迹。也许所谓的""家""，从来都不只是四面墙壁，而是我们在其中度过的时间本身。"
64,6,邻里之间,"我在这个小区住了快三年，却一直和邻居没什么来往。大家进出电梯时点点头，算是打过招呼，除此之外几乎没有别的交流。直到去年冬天的一件小事，才让这种状况有了改变。

那天晚上，我下班回家，发现自己把钥匙忘在了公司，而爱人还要过几个小时才能到家。我站在门口不知所措，隔壁的王阿姨恰好出来倒垃圾，看到我的样子，主动邀请我先去她家坐坐，喝杯热茶等着。那天晚上，我们聊了很多——她的孩子在国外工作，平时家里只有她和老伴两个人，多少有些孤单。

从那以后，我开始有意识地和邻居们打招呼、聊几句家常。渐渐地，我发现楼道里其实藏着不少温暖：楼上的小夫妻会在过节时送来自己包的饺子，对门的大爷会热心地提醒我们小区最近的一些安全事项。

这件小事让我明白，城市生活虽然常常让人与人之间显得疏远，但只要愿意迈出一小步，邻里之间的温情其实并不难找到。"
65,6,一场突如其来的停电,"那是一个闷热的夏夜，我正坐在电脑前赶一份第二天要交的报告，突然整栋楼陷入一片漆黑——停电了。没有空调，没有网络，连手机的信号似乎都变得不稳定，我一时有些烦躁。

摸黑找到蜡烛点上以后，我索性走到阳台透透气，却发现整个小区的居民都不约而同地走出了家门。楼下的空地上，不知是谁搬出了几张小桌子，摆上了西瓜和扇子，附近的邻居三三两两地聚在一起聊天。孩子们则借着微弱的月光和手电筒的光，在空地上追逐嬉闹，笑声此起彼伏。

我犹豫了一下，也走下楼去。许久没有说过话的对门邻居竟然主动跟我打招呼，还递给我一片西瓜。我们聊起了各自的工作、家乡，甚至还聊到了小时候停电时点着煤油灯写作业的回忆。那一晚，虽然没有空调和网络，却意外地让整个小区的人重新有了交流。

停电大概持续了三个小时。电来的那一刻，大家纷纷鼓掌欢呼，但不少人却似乎有些意犹未尽。这场意外的停电让我重新思考：也许正是因为科技带来的便利，我们才渐渐疏远了身边真实的人与人之间的联系。"
66,6,学做陶艺,"去年生日，朋友送了我一张陶艺体验课的礼券，说是想让我从一直忙碌的工作节奏中抽身出来，尝试一些""慢下来""的事情。起初我并不抱太大期待，只当作是一次消遣，没想到这次经历却意外地治愈了我。

第一次上课，老师让我们从最基础的拉坯开始学起。看似简单的动作——把手放在旋转的泥团上，稍微用力——实际操作起来却完全不是那么回事。泥团在我手里不是变形就是塌陷，好几次刚成型的碗瞬间就被我不小心弄歪了。老师笑着安慰我说，陶艺最考验的不是手上的技巧，而是心态：太急躁，泥就会失去平衡。

渐渐地，我开始学着放慢呼吸，专注于手掌与泥土之间细微的力道变化。几个星期后，我终于亲手做出了一只虽然不算完美、却完全属于自己的杯子。捧着它的那一刻，我忽然明白，为什么很多人说陶艺是一种修心的过程。

如今，每逢周末，我依然会抽时间去陶艺工作室待上几个小时。对我来说，那不仅仅是学一门手艺，更像是给自己按下了一次暂停键，重新找回生活的节奏。"
67,6,照顾生病的家人,"去年冬天，父亲因为一次意外骨折住院，作为家里唯一在同一座城市工作的孩子，照顾父亲的责任自然落在了我身上。那段时间，我每天下班后直奔医院，一直待到深夜才回家休息，第二天一早又要赶去上班。

一开始，我以为这只是体力上的辛苦，撑一撑就过去了。可渐渐地我发现，真正让人疲惫的，其实是那种日复一日、看不到尽头的心理压力。父亲因为行动不便，情绪也变得容易烦躁，有时候会因为一点小事跟我发脾气，而我也常常在深夜独自崩溃，又不敢让家人知道。

转折发生在一次深夜，我在医院走廊里几乎撑不住睡着的时候，隔壁病床的家属主动过来跟我聊天，分享了她照顾家人的经验，还提醒我要记得照顾好自己，才有力气照顾别人。那番话让我第一次意识到，一直以来我把所有精力都放在了父亲身上，却完全忽略了自己的状态。

父亲出院以后，我开始学着调整节奏，该休息的时候休息，也学会向其他家人求助，而不是一个人硬撑。这段经历让我明白，照顾别人之前，首先要学会照顾好自己，这并不是自私，而是一种更长久的责任感。"
68,6,独自旅行的意义,"去年秋天，我第一次尝试独自出行，去了一个陌生的城市待了五天。出发之前，身边不少朋友都表示不理解，觉得一个人旅行未免太孤单，甚至有些危险。可对我来说，那次经历却成了近几年最难忘的回忆之一。

没有人商量行程，我可以完全按照自己的节奏安排每一天：想在博物馆待多久就待多久，想临时改变计划去哪家小店也完全不用顾及别人的意见。刚开始的一两天，确实会因为身边没有熟悉的人而感到些许不适应，尤其是一个人吃饭的时候，总觉得有些冷清。

但渐渐地，我开始享受这种独处的状态。没有旁人的打扰，我反而更容易注意到平时容易被忽略的细节——街角一家小店老板的笑容、傍晚阳光洒在老城墙上的颜色、陌生人给我指路时随口说的一句话。这些细碎的瞬间，是结伴旅行时很少会认真留意的。

回程的火车上，我忽然意识到，独自旅行给我的，不仅仅是一段风景，更是一次重新认识自己的机会——原来一个人也可以把日子过得充实而自在。"
69,6,带父母旅行的一次经历,"去年夏天，我第一次带父母出国旅行。原本以为，作为""导游""的自己会很轻松，毕竟我出过好几次国，也算是经验丰富。可事实证明，事情远没有我想的那么简单。

父母对陌生的环境格外谨慎，机场安检时反复确认护照有没有放好，出了海关又担心行李箱会不会被弄丢。一路上，他们对我安排的每一个细节都要问上好几遍，比如酒店离地铁站有多远、这顿饭大概要花多少钱。起初我有些不耐烦，觉得这些问题问得实在没有必要，甚至忍不住提高了嗓门。

真正让我改变想法的，是在一次迷路之后。那天我们在一条陌生的街道上转了很久，父亲没有像我预想的那样抱怨，反而一路安慰我说没关系，还笑着说""迷路也是旅行的一部分""。那一刻我忽然意识到，比起目的地本身，父母其实更在意能不能和我在一起，共同经历这一切。

旅行结束后，我开始重新思考""陪伴""这两个字的分量。以前总觉得带父母出去玩是一种""任务""，现在才明白，那其实是难得的、可以弥补的时光。从那以后，我不再急于把行程排得满满当当，而是愿意放慢脚步，多留一些空间，去听他们唠叨，去陪他们慢慢走。"
70,6,重游故地,"十年前，我曾在这座城市读了四年大学，毕业后便离开，几乎再没回来过。这次因为出差，恰好有一天的空闲时间，我决定重新走一走当年熟悉的街道。

刚下车，眼前的景象却让我有些恍惚——记忆里那条摆满小吃摊的窄巷，如今已经变成了一条宽敞整洁的商业街；学校门口那家我几乎每天都要光顾的小面馆，也早已不见了踪影，取而代之的是一家连锁咖啡店。我一边走，一边努力在脑海中拼凑出十年前的样子，却发现许多细节已经模糊不清。

走到校园附近，倒是有一处地方几乎没有变化——图书馆后面那片小树林。当年我常常和室友坐在那里复习功课，或者什么也不做，只是聊聊天、发发呆。如今树长高了不少，但那种安静的氛围依然如故。我在长椅上坐了许久，脑海里浮现出许多几乎快要遗忘的片段。

离开的时候，我心里五味杂陈。城市在飞速变化，很多曾经熟悉的痕迹已经消失不见，但也正因为如此，那片没有改变的小树林，才显得格外珍贵。它像是一个锚点，提醒着我，无论走了多远，那段青春岁月始终真实地存在过。"
71,6,在异国他乡迷路的经历,"第一次独自出国旅行，我选择了一座语言完全不通的城市。原本计划得很周全，可到了第三天，还是因为看错了地图，在一个陌生的街区彻底迷失了方向。

手机因为没有开通当地网络，地图应用根本无法定位，周围的路牌也全是我看不懂的文字。我尝试向路人问路，可无论是用英语还是靠比手画脚，得到的回应大多也是一脸茫然的摇头。太阳渐渐西斜，我心里的焦虑感也越来越强，甚至开始担心自己今晚要流落街头。

正当我几乎要放弃、准备随便找个地方坐下来冷静一下时，一位骑自行车路过的老人注意到了我脸上的窘迫。虽然彼此语言不通，他还是耐心地打开自己的手机地图，用手比划着，示意我跟着他走。就这样，他推着自行车，陪我走了将近二十分钟，一直把我送到了地铁站门口，才挥挥手转身离开。

那一刻，我心里涌上一股难以言喻的感动。这次迷路的经历，起初让我陷入了巨大的恐慌，但最终却也让我看到了，即使语言不通，人与人之间依然可以通过一份最简单的善意彼此理解。"
72,6,一次徒步旅行的收获,"朋友邀请我参加一次为期三天的徒步穿越活动时，我几乎没有犹豫就答应了，却完全低估了这次旅行的难度。第一天，我们要在崎岖的山路上徒步将近二十公里，等到晚上扎营的时候，我的双腿几乎已经没有知觉。

第二天清晨，天空下起了小雨，山路变得湿滑难走，队伍里不止一个人产生了放弃的念头，我自己也不例外。可就在这个时候，走在最前面的向导放慢了脚步，一边鼓励大家，一边耐心地讲解如何在湿滑的地面上找到更安全的落脚点。渐渐地，队伍重新找回了节奏。

到了第三天下午，我们终于登上了此行的最高点。云雾在脚下缓缓流动，远处的山脉层层叠叠，一望无际。那一刻，之前三天所有的疲惫、狼狈，甚至几度想要放弃的念头，都仿佛变得微不足道。

下山的路上，我一直在想，这次徒步给我的收获，或许并不只是体力上的锻炼，更重要的是，它让我重新体会到：很多看似不可能完成的事情，只要一步一步坚持下去，最终往往能够到达意想不到的高度。"
73,6,我的第一次辞职,"在第一家公司工作了将近两年后，我终于下定决心提交了辞职信。做这个决定并不容易——那是我毕业后的第一份工作，同事关系融洽，薪水也说得过去，辞职这件事，从萌生想法到真正付诸行动，前后犹豫了将近半年。

真正让我下决心的，是一次和部门经理的谈话。当时我提出想尝试新的工作方向，却被告知目前的岗位""暂时没有调整的空间""，让我""再等等看""。类似的对话，在过去两年里已经不是第一次发生。我渐渐意识到，如果继续留在这里，可能只是在重复原地踏步的日子。

提交辞职信的那天，我的心情异常复杂，既有一种终于迈出这一步的轻松感，也夹杂着对未知的不安。离职当天，几位相处不错的同事特意请我吃了顿饭，笑着说以后有机会一定要保持联系，那一刻，我几乎有些鼻酸。

如今回头看，那次辞职是我职业生涯中一个重要的转折点。它让我明白，很多时候，真正阻碍我们做出改变的，往往不是外界的困难，而是自己心里那份对""稳定""的过度依恋。"
74,6,论文答辩前后,"硕士最后一个学期，几乎所有的时间都被论文占据。答辩前的那两个月，我几乎每天泡在图书馆，白天查资料、写初稿，晚上反复修改导师提出的意见，常常忙到凌晨才回宿舍。

答辩前一晚，我几乎一夜没睡，一边整理幻灯片，一边在脑海中反复演练可能被问到的问题。第二天走进答辩教室的那一刻，尽管已经做了充分准备，双手还是控制不住地微微颤抖。答辩过程中，评审老师提出的一个问题恰好是我准备时忽略的角度，一时间我脑子一片空白，愣了几秒才勉强组织好语言回答。

答辩结束，走出教室的瞬间，积压了几个月的疲惫和紧张仿佛一下子涌了上来，我靠在走廊的墙边，久久没有说话。直到看到手机上老师发来的""顺利通过""的消息，眼泪才毫无预兆地流了下来。

回想整个过程，最难熬的其实并不是答辩当天，而是之前那段反复推翻、反复重写的日子。但正是那段看似煎熬的时间，让我第一次真正体会到，独立完成一项研究，并且为之负责到底，究竟意味着什么。"
75,6,一次团队合作的经历,"去年公司安排我和另外两位同事一起负责一个跨部门的项目。项目初期，由于三个人来自不同部门，工作习惯和沟通方式差异很大，团队合作一度陷入僵局——有人习惯把所有细节都提前规划好，有人则更倾向于边做边调整，几次讨论都因为意见不合而不欢而散。

项目进度一度停滞不前，眼看着截止日期一天天临近，我开始意识到，如果继续这样各执己见，项目很可能无法按时完成。于是我主动提议，每周固定安排一次三人碰头会，把各自的进度和困难摊开来说，而不是各自闷头做事。

起初，这样的沟通依然带着几分小心翼翼，但随着几次坦诚的交流，我们渐渐摸索出了一套彼此都能接受的合作方式——重大方向共同决定，具体执行则充分信任对方的专业判断。项目最终不仅按时完成，效果也超出了最初的预期。

这次经历让我深刻体会到，团队合作中最大的障碍，往往不是能力上的差距，而是沟通不畅所导致的误解。学会真诚地表达分歧，反而是推动合作顺利进行的关键。"
76,6,从校园到职场的转变,"毕业刚入职的头几个月，是我这些年经历过最手忙脚乱的一段时间。在学校里，只要按时完成作业、考出好成绩，就算是""表现优秀""；可到了职场，评判标准变得模糊得多，很多时候甚至没有人明确告诉你，什么才算是""做得好""。

最让我不适应的，是学校和职场对""犯错""的态度截然不同。在学校，答错题顶多扣几分，可以有很多次重来的机会；但在工作中，一次疏忽可能就会影响整个项目的进度，甚至让客户对公司产生不信任。有一次，我因为一个数据核对不仔细，导致方案出现明显错误，被客户当面指出，那种尴尬和自责，至今仍让我记忆犹新。

那件事之后，我开始养成反复检查、主动确认的习惯，也逐渐学会了在不确定的时候，及时向前辈请教，而不是自己闷头硬扛。渐渐地，我发现自己看待问题的方式也在发生变化——比起追求""标准答案""，职场更看重解决实际问题的能力。

如今回想起那段初入职场的日子，虽然狼狈，却也是一段飞速成长的时期。它让我明白，从校园到职场的转变，本质上是一种思维方式的转变：从被动接受评判，到主动为结果负责。"
77,6,一次被拒绝的求职经历,"毕业那年，我把心仪已久的一家公司作为求职的首选目标，从简历筛选到笔试，再到连续三轮面试，整个过程持续了将近一个月。每一轮结束后，我都反复回想自己的表现，既期待又忐忑。

然而，就在我以为胜券在握的时候，却收到了一封委婉的拒信，内容不过寥寥数语，只说""经过慎重考虑，我们决定录用其他更合适的候选人""。那一刻，几个月来的努力和期待，仿佛一下子失去了意义，我甚至一度怀疑，是不是自己哪里做得不够好，才会被拒绝。

沮丧了几天以后，我鼓起勇气给面试官发了一封邮件，礼貌地询问是否可以提供一些反馈意见，帮助自己了解不足之处。出乎意料的是，对方很快回复了我，坦诚地指出，我在专业能力上完全达标，只是当时另一位候选人的经验更贴合岗位的具体需求，这并不代表我不够优秀。

那次经历让我明白，求职被拒绝，很多时候并不是因为能力不足，而只是当下不够匹配。学会以平常心看待每一次拒绝，反而能让人在下一次机会来临时，更加从容自信地面对。"
78,6,"关于""多任务处理""的思考","不知从什么时候开始，""一心多用""渐渐成了一种被默认推崇的工作方式。开会时顺手回复邮件，写文件时同时挂着几个聊天窗口，似乎谁能同时处理更多事情，谁就显得更加高效。我自己也曾一度以此为傲，直到最近重新审视这种习惯，才发现事情或许并没有想象中那么简单。

有一次，我在写一份重要方案的同时，不断切换着回复各种消息，结果整整一个下午过去，方案却几乎没有实质性进展，反而因为频繁的思路中断，出现了好几处本可以避免的低级错误。事后我不得不重新梳理，反而花费了比预期更长的时间。

后来我查阅了一些相关资料才了解到，人脑其实并不擅长真正意义上的""同时处理""，所谓的多任务，本质上只是在不同任务之间快速切换。而每一次切换，都会伴随着一定的注意力损耗，长期下来，效率不仅不会提高，反而可能因为频繁切换而下降。

如今，我开始有意识地在处理重要任务时，尽量减少干扰，专注完成一件事情之后再进行下一项。虽然表面上看起来""效率变低""了，但整体的产出质量，反而比以前更高。这让我意识到，真正的高效，或许不在于同时做多少件事，而在于能否专注地把一件事情做好。"
79,6,"我对""极简生活""的看法","近几年，""极简生活""逐渐成为一种流行的生活理念，社交媒体上随处可见""一年只买十件衣服""""断舍离改变人生""之类的分享。受这种氛围的影响，我也曾一度尝试大刀阔斧地清理自己的物品，希望借此过上一种更加轻松、纯粹的生活。

清理的过程确实让我感受到一种前所未有的畅快——衣柜变得整洁，家里也显得宽敞了不少。然而，一段时间之后，我却渐渐发现，问题并没有像想象中那样彻底解决。有些被我当作""不必要""而处理掉的东西，后来却在特定场合又不得不重新购买；而真正让生活感到杂乱的根源，其实并不完全在于物品的数量，而在于自己缺乏对物品的清晰规划和管理习惯。

我逐渐意识到，极简生活本身并不是目的，而只是一种手段。如果只是一味追求""物品越少越好""这种表面数字，却没有真正理清自己的生活需求，很可能只是从一种混乱，换成了另一种形式的折腾。

如今，我不再执着于严格遵循某种""极简标准""，而是更倾向于根据自己真实的生活方式，保留那些真正带来价值的东西。我认为，比起单纯追求""少""，更重要的是清楚自己究竟需要什么，这才是极简生活理念背后真正值得借鉴的部分。"
80,6,关于社交媒体使用时间的思考,"前段时间，我无意中打开手机自带的""屏幕使用时间""统计功能，看到数据的那一刻着实吃了一惊——过去一周，我平均每天花在社交媒体上的时间竟然超过了四个小时，几乎占据了下班后所有的空闲时间。

回想起来，很多时候打开社交媒体，其实并没有明确的目的，只是出于一种习惯性的动作——等电梯时刷一刷，吃饭时刷一刷，甚至临睡前明明已经很困，也要再刷几分钟才肯放下手机。而每次刷完，留下的往往不是充实感，反而是一种说不清道不明的空虚和疲惫。

我开始尝试给自己设定一些简单的规则：吃饭的时候不看手机，睡前一小时把手机放在另一个房间。起初几天确实有些不适应，总觉得手心痒痒的，忍不住想找手机。但坚持了两个星期以后，我发现自己多出了不少完整的时间——可以安安静静地看完一本书，也可以和家人认真地聊上半个小时天，而不是各自低头刷着手机。

这次尝试让我意识到，社交媒体本身并非洪水猛兽，问题的关键在于，我们是主动、有目的地使用它，还是被动地被它填满了本该属于自己的时间。"
81,6,"关于""完美主义""的一点看法","一直以来，我都是一个典型的""完美主义者""——写一份报告，总要反复修改到自己满意为止；哪怕只是发一条工作消息，也要斟酌字句半天才敢按下发送键。很长一段时间，我一直认为，这是一种值得骄傲的严谨态度。

然而，随着工作节奏越来越快，这种习惯渐渐给我带来了不小的困扰。有一次，团队负责一个时间紧迫的项目，我却因为反复纠结方案中一个并不算关键的细节，迟迟没有把初稿交给同事讨论，最终拖慢了整个团队的进度，甚至因此错过了一个原本可以争取到的合作机会。

那次经历之后，我开始反思，所谓的""完美主义""，很多时候其实并不是真正追求高质量，而是一种对犯错的过度恐惧，甚至是一种变相的拖延。与其在细节上反复打磨到自己""完全满意""，不如先完成一个大致可用的版本，再根据实际反馈逐步调整完善。

如今，我依然会认真对待每一项工作，但不再执着于""一次就要做到完美""。我渐渐明白，很多时候，""完成""比""完美""更重要，一份能够及时交付、后续可以不断改进的方案，往往比一份迟迟无法问世的""完美方案""更有价值。"
82,6,关于阅读纸质书还是电子书,"身边不少朋友已经完全转向电子阅读，理由无非是携带方便、检索快捷，一部手机或者一台电子书阅读器，就能装下成百上千本书。相比之下，我却始终对纸质书有一种难以割舍的偏爱，哪怕因此常常需要在拥挤的行李箱里，硬塞进几本沉甸甸的书。

不可否认，电子书确实有着无法比拟的便利性。出差在外，想读什么，随时可以下载，也不用担心找不到实体书店。但对我而言，阅读纸质书时那种指尖翻页的触感，还有书页边缘随着阅读逐渐留下的痕迹，是电子屏幕难以替代的体验。更重要的是，我发现自己在读纸质书时，往往能够更加专注——没有消息提示的干扰，也不会因为手机屏幕的存在，而下意识地想要切换到其他应用。

当然，我并不打算彻底否定电子书的价值。事实上，对于一些需要频繁查阅、检索的资料性书籍，电子版反而更加高效实用。真正需要沉下心、慢慢品味的文学作品，我则更愿意选择纸质书。

或许，阅读方式的选择，本就不必非此即彼。重要的不是纠结于哪种载体""更好""，而是清楚自己在什么场景下，真正需要的是怎样的阅读体验。"
83,6,关于城乡差距的思考,"每年春节回到老家，我都会强烈地感受到城市与乡村之间那道依然存在、甚至在某些方面愈发明显的差距。老家所在的小县城，虽然这些年基础设施有了明显改善，柏油路通到了村口，网络信号也基本覆盖，但教育、医疗等资源与大城市相比，依然存在着不小的差距。

最直观的例子是教育。县城中学的师资力量有限，不少优秀教师因为待遇和发展机会，纷纷选择前往大城市任教，这在无形中进一步拉大了城乡孩子在教育资源上的起点差异。医疗方面同样如此，一些稍微复杂一些的疾病，村里的诊所往往无法处理，患者不得不长途跋涉前往城市里的大医院就诊，不仅耗费时间和金钱，也常常因此耽误了最佳的治疗时机。

近年来，国家在推动乡村振兴、缩小城乡差距方面出台了不少政策，比如鼓励优秀人才返乡创业、加大对乡村教育和医疗的财政投入等。我的表弟大学毕业后，便选择回到县城，利用所学的电商知识，帮助家乡的农产品打开了更广阔的销路，这让我看到了乡村发展的另一种可能性。

城乡差距的缩小，注定是一个需要长期投入的过程，无法一蹴而就。但只要资源分配能够逐渐趋于均衡，越来越多像我表弟这样愿意扎根家乡的年轻人涌现出来，乡村与城市之间的差距，或许终将不再是一道难以逾越的鸿沟。"
84,6,关于环境保护与经济发展的关系,"在很多发展中地区，""先发展、后治理""曾一度被视为理所当然的发展路径——为了尽快提升经济水平，一些地方在招商引资时，往往对高污染、高能耗的产业睁一只眼闭一只眼，直到环境问题积重难返，才不得不投入巨大的成本进行治理。

这种发展模式的代价，如今已经越来越清晰地显现出来。空气质量下降、水资源污染、生态系统破坏，这些问题不仅直接影响着居民的生活质量和身体健康，从长远来看，也在悄悄侵蚀着一个地区可持续发展的根基。治理环境所需要投入的成本，往往远远超过当初污染治理所能节省下来的那一部分开支。

值得欣慰的是，近年来，越来越多的地区开始意识到，环境保护与经济发展，并非天然对立的两个选项。一些原本以传统重工业为支柱的城市，通过大力发展新能源、生态旅游等绿色产业，不仅逐步改善了环境质量，也成功培育出了新的经济增长点，实现了发展方式的转型。

由此可见，真正可持续的发展，不应该是以牺牲环境为代价换取一时的经济增长，而应当在保护生态的前提下，寻找与自然和谐共生的发展路径。这不仅是对当下负责，更是对未来世代的一种责任。"
85,6,数字化时代的信息鸿沟,"随着智能手机和移动互联网的普及，越来越多的日常事务开始依赖数字化手段完成——挂号看病需要在线预约，乘坐公共交通需要扫码支付，甚至连买菜，不少菜市场也逐渐推行电子支付。这些变化，对熟练使用智能设备的人来说，无疑带来了极大的便利。

然而，对于一部分老年人以及不熟悉数字技术的群体而言，这种快速的数字化转型，却在无形中筑起了一道新的门槛。我的外婆便是其中之一，她始终不太适应智能手机上复杂的操作界面，有一次因为不会使用医院的自助挂号系统，独自在医院里徘徊了将近一个小时，最后不得不请路过的陌生人帮忙操作。

类似的困境，其实正在越来越多地方上演。一些原本设计初衷是为了""提高效率""的数字化服务，却在客观上让相当一部分人陷入了新的不便，甚至是被边缘化的处境。这种现象，被称为""数字鸿沟""，它提醒我们，技术进步固然值得欢迎，但如果只顾追求效率，而忽视了不同群体之间存在的能力差异，反而可能加剧社会的不平等。

令人欣慰的是，已经有不少机构开始正视这一问题，比如保留人工窗口、开设针对老年人的智能设备培训课程等。真正包容的数字化社会，应当是既能享受技术带来的便利，也不会让任何一个群体因此被落下。"
86,6,关于移民与多元文化融合的思考,"朋友一家几年前移民到了一个陌生的国家，最近回国探亲时，她跟我分享了不少初到异国时的经历，让我对""融入""这两个字，有了更深一层的理解。

刚到新的国家时，语言障碍是最直接的挑战，朋友的孩子在学校里因为发音不标准，常常被同学模仿嘲笑，一度变得沉默寡言，甚至抗拒去上学。除了语言，饮食习惯、社交方式，乃至一些约定俗成的社会礼仪，都需要重新学习和适应，这种全方位的陌生感，让最初的那段日子格外艰难。

不过，朋友也提到，当地社区其实为新移民提供了不少支持——语言互助小组、多元文化交流活动等，让不同背景的居民有机会彼此了解。渐渐地，孩子交到了愿意耐心教她本地俚语的朋友，朋友一家也开始在社区活动中，分享自己家乡的传统美食和节日习俗，逐渐从""格格不入""的外来者，变成了社区的一部分。

这段经历让我意识到，多元文化的融合，从来都不是单方面要求移民""完全同化""，也不是简单地让不同文化彼此隔离共存，而是一个双向奔赴的过程——新移民努力理解和适应新的环境，而当地社会也需要以更加开放包容的姿态，去接纳和欣赏这份差异带来的丰富性。"
87,6,"关于""孤独""的一点思考","现代社会中，""孤独""似乎正在成为一种越来越普遍的情绪体验。即便身处热闹的都市，被无数社交软件和联系方式包围，很多人依然会在某个瞬间，感受到一种难以名状的空虚与疏离。这种矛盾的现象，值得我们停下来认真思考。

长久以来，孤独常常被赋予一种负面的色彩，仿佛它是一种需要被尽快摆脱的状态。然而，如果换一个角度来看，孤独或许并非全然是坏事。适度的独处，反而能够为人提供一个难得的空间，让人得以从纷繁复杂的社交关系中暂时抽离出来，静下心来面对自己内心真实的想法与感受。许多重要的创作与思考，往往正是诞生于这样安静的时刻。

真正令人困扰的，或许并不是孤独本身，而是一种被迫的、无法选择的孤立——渴望与人建立深层的连接，却始终求而不得的那种落差感。这种孤立感，与主动选择的独处，其实有着本质上的区别。

因此，与其一味地害怕孤独、急于用社交填满每一分空闲时间，不如学着分辨：此刻的独处，究竟是一种主动的、滋养自我的选择，还是一种被动的、令人痛苦的隔绝。学会与孤独和平共处，或许正是现代人需要重新修习的一门功课。"
88,6,时间的意义,"""时间就是金钱""这句话，几乎成了现代社会中人人耳熟能详的信条。为了不""浪费""时间，我们习惯把每一天的日程排得满满当当，恨不得将每一分钟都转化为可以量化的产出。然而，这种将时间彻底""效率化""的思维方式，是否也在无形中，让我们失去了一些同样珍贵的东西？

不久前，我因为一场小手术被迫在家休养了两个星期，原本计划好的工作和社交活动被迫全部搁置。起初，我因为无法""高效利用""这段时间而焦虑不已，可渐渐地，在这段被迫慢下来的日子里，我开始重新注意到许多平日里被忽略的细节——窗外一天中光线的变化、一本许久未曾翻开的旧书、和家人一次不紧不慢的长谈。

这段经历让我开始重新审视自己对时间的理解。也许，时间的价值，并不完全等同于它所能产出的实际效益。那些看似""无所事事""的时刻——发呆、闲谈、漫无目的地散步——同样是构成一个丰盈人生不可或缺的一部分。

如今，我依然会认真规划工作时间，努力提高效率，但也开始有意识地为生活留出一些""空白""，不再执着于把每一分钟都填满。我逐渐相信，真正有意义的时间，不在于它被利用得多么彻底，而在于我们是否真正地、清醒地活在了其中。"
89,6,关于选择与后悔,"人生中，我们常常需要在几个选项之间做出抉择——升学时该选择哪所学校，工作中该接受哪个offer，甚至是否该在一段关系中继续投入。每一次选择，几乎都意味着我们要放弃其余的可能性，而这种""放弃""，往往会在事后，以""后悔""的形式悄悄浮现。

心理学中有一种观点认为，人们对""后悔""的感受，很大程度上并非来自选择本身的对错，而是源于对""另一种可能性""的想象。我们习惯性地将未曾选择的那条路，想象得格外美好，却常常忽略了，那条路同样可能布满我们未曾预见的困难与挑战。这种""厚此薄彼""的想象方式，往往会不断加深我们对已做选择的不满。

我曾经也因为一次职业选择而长期陷入这种情绪——总是忍不住猜想，如果当初选择了另一份工作，如今的生活会不会更加顺遂。直到有一次，我偶然联系上了当年那份工作的另一位候选人，才得知她在那个岗位上，同样经历了不少艰难和挣扎。那一刻，我忽然意识到，所谓""更好的选择""，很多时候不过是一种自己想象出来的幻影。

或许，真正成熟的态度，并不是执着于分辨哪一个选择才是""正确答案""，而是学会为自己做出的每一个选择，承担起相应的责任，并且专注地，把眼下这条路走好、走扎实。"
90,6,传统与变化,"每年春节，家里的长辈总要按照祖辈流传下来的规矩，一丝不苟地准备各种祭祀和年俗仪式，从贴春联的方位，到年夜饭必须包含的几道菜，都有着近乎严格的讲究。作为在城市中长大的年轻一代，我起初对这些繁琐的仪式颇不以为然，觉得不过是些无关紧要的形式，甚至一度提议简化流程。

然而，随着年岁渐长，我却渐渐对这些传统习俗，有了不一样的理解。有一年，因为疫情原因，家里的年夜饭破天荒地从简办理，省去了大部分传统仪式。原本以为这样反而更加轻松，可那顿年夜饭，全家人却都隐隐觉得少了些什么——那份属于""过年""的仪式感，似乎随着仪式的简化，一并被冲淡了。

我开始意识到，传统习俗之所以能够世代相传，绝不仅仅是因为它的形式本身，更重要的是，这些仪式承载着一种情感上的联结——它是家族记忆的延续，也是不同世代之间沟通的一种共同语言。当然，这并不意味着传统就应当一成不变地被全盘保留，很多习俗本身，也确实需要随着时代的发展而作出调整。

真正值得思考的，或许不是""该不该保留传统""这样非此即彼的问题，而是我们能否在变化的时代里，找到一种方式，既保留传统中那些真正有意义的精神内核，又能让它以更适应当下生活的形式，继续被传承下去。"
