id,passage_id,question_order,question_text,choices,correct_choice_index
1,1,1,"搬到新家以后，""我""一开始为什么天天叫外卖？","[""因为不会做饭"", ""因为不喜欢做饭"", ""因为工作很忙"", ""因为没有厨房""]",0
2,1,2,"妈妈教""我""炒青菜的时候，第一步应该做什么？","[""把锅烧热"", ""放油"", ""放盐"", ""放菜""]",0
3,1,3,"""我""做的菜一开始怎么样？","[""一点味道都没有"", ""和妈妈做的一样好吃"", ""非常好吃"", ""不是太咸就是太淡""]",3
4,1,4,"室友看到""我""把菜炒糊的时候有什么反应？","[""帮\""我\""打扫厨房"", ""生气了"", ""没有说话"", ""笑得说不出话来""]",3
5,1,5,这篇文章主要想告诉我们什么？,"[""做饭很简单"", ""应该经常打电话问妈妈"", ""很多事情需要花时间学习"", ""外卖不健康""]",2
6,2,1,"""我们""是怎么去小镇的？","[""坐火车"", ""坐飞机"", ""骑自行车"", ""开车""]",0
7,2,2,民宿的房间是什么样的？,"[""很旧很脏"", ""很大很干净"", ""没有窗户"", ""不大但是很干净""]",3
8,2,3,爬山的时候，大家的心情有什么变化？,"[""一直很开心"", ""中间想放弃，后来觉得值得"", ""从头到尾都很轻松"", ""一直很累，没有变化""]",1
9,2,4,"晚上""我们""在哪里聊天？","[""小饭馆里"", ""火车上"", ""民宿的院子里"", ""山顶上""]",2
10,2,5,"""我""觉得跟朋友一起旅行怎么样？","[""比自己一个人旅行更有意思"", ""花钱太多"", ""没有自己一个人旅行有意思"", ""太累了，不想再去""]",0
11,3,1,"""我""为什么昨天晚上睡不着？","[""因为家里太吵"", ""因为要坐飞机"", ""因为对新工作感到紧张"", ""因为要准备考试""]",2
12,3,2,人事部的负责人做了什么？,"[""没有出现"", ""让\""我\""先回家休息"", ""让\""我\""自己找办公室"", ""带\""我\""参观办公室并介绍给大家""]",3
13,3,3,"上午""我""主要做了什么？","[""完成了一个大项目"", ""和经理吃饭"", ""熟悉公司的规章制度和工作流程"", ""参加了一个会议""]",2
14,3,4,下午经理做了什么？,"[""让\""我\""回家"", ""给\""我\""放假"", ""批评了\""我\"""", ""跟\""我\""聊工作安排并分配了项目""]",3
15,3,5,"下班以后，""我""的心情是怎样的？","[""很失望"", ""一点感觉都没有"", ""有点累，但对未来充满期待"", ""很后悔""]",2
16,4,1,作者尝试早起以后，结果怎么样？,"[""从此以后每天五点起床"", ""从来没有尝试过"", ""坚持了不到一个星期就放弃了"", ""坚持了很久，效果很好""]",2
17,4,2,作者认为早起的关键问题是什么？,"[""起床以后怎么安排时间"", ""早餐吃什么"", ""几点起床本身"", ""天气怎么样""]",0
18,4,3,如果只是提前起床，却没有明确目标，可能会有什么结果？,"[""睡眠不够，白天效率下降"", ""一定会成功"", ""没有任何影响"", ""身体会变得更健康""]",0
19,4,4,作者认为早晨的时间适合做什么？,"[""只适合工作"", ""只适合睡觉"", ""读书、锻炼身体或思考问题"", ""什么都不适合做""]",2
20,4,5,作者最后想表达的主要观点是什么？,"[""每个人都应该早起"", ""晚睡的人效率一定更高"", ""早起完全没有意义"", ""应该找到适合自己的作息节奏""]",3
21,5,1,文章认为人口老龄化是什么性质的问题？,"[""只是某一个国家的问题"", ""具有全球性质的社会现象"", ""与经济无关的问题"", ""已经完全解决的问题""]",1
22,5,2,从经济角度看，人口老龄化可能带来什么影响？,"[""完全没有影响"", ""社会保障体系压力减轻"", ""劳动力增加，生产效率提高"", ""劳动力比例下降，社保压力增大""]",3
23,5,3,从家庭角度看，年轻人可能面临什么问题？,"[""经济负担减轻"", ""与父母关系变差"", ""不需要照顾父母"", ""需要独自承担照顾长辈的责任，压力增大""]",3
24,5,4,有的国家采取了什么方式应对老龄化？,"[""让老年人搬到其他国家"", ""延迟退休年龄、鼓励生育"", ""减少社区服务"", ""禁止老年人工作""]",1
25,5,5,文章最后提出了什么观点？,"[""老龄化问题已经彻底解决"", ""老龄化只有坏处，没有好处"", ""年轻人应该完全不管老年人"", ""应该重新思考年龄与价值的关系""]",3
26,6,1,文章开头提出了什么问题？,"[""如何教育孩子"", ""如何提高收入"", ""怎样找到好工作"", ""什么才算是真正的成功""]",3
27,6,2,"很多人观念中的""成功""标准是什么？","[""与他人的关系"", ""内心的平静"", ""社会地位、收入、头衔等外在指标"", ""生活的满足感""]",2
28,6,3,文中提到的那位朋友做出了什么选择？,"[""出国留学"", ""一直没有改变"", ""换了一份收入更高的工作"", ""放弃高薪工作，回家乡从事平凡的职业""]",3
29,6,4,"那些在旁人眼中""很成功""的人，可能面临什么问题？","[""生活非常轻松"", ""完全没有烦恼"", ""焦虑和压力，难以真正快乐"", ""收入不稳定""]",2
30,6,5,文章最后认为，真正重要的是什么？,"[""尽量多赚钱"", ""达到社会认可的高度"", ""和别人比较"", ""找到适合自己的生活方式，获得内心满足""]",3
31,7,1,"""我""为什么搬到新的城市？","[""房租太贵"", ""想换个环境"", ""因为工作的原因"", ""想离家人近一点""]",2
32,7,2,"搬家那天，""我""发现了什么？","[""搬家公司来晚了"", ""东西比想象的多"", ""什么东西都没有"", ""新家很小""]",1
33,7,3,"到新家以后，""我""遇到了什么困难？","[""没有钱"", ""找不到工作"", ""经常迷路，不熟悉环境"", ""身体不舒服""]",2
34,7,4,"楼下的邻居对""我""怎么样？","[""经常投诉\""我\"""", ""周末请\""我\""去吃饭"", ""从来没见过面"", ""不理\""我\""""]",1
35,7,5,这篇文章最后想告诉我们什么？,"[""城市生活比农村好"", ""邻居都不友好"", ""陌生的地方也能慢慢变成家"", ""搬家很麻烦，应该避免""]",2
36,8,1,"""我""是从哪里领养豆豆的？","[""宠物商店"", ""网上"", ""收容所"", ""朋友家""]",2
37,8,2,豆豆刚来的时候是什么样子的？,"[""很喜欢吃东西"", ""很害怕，躲起来"", ""一直叫"", ""很活泼""]",1
38,8,3,"""我""是怎么让豆豆慢慢适应新家的？","[""每天陪着它，跟它说话"", ""不管它"", ""送去宠物店"", ""把它关起来""]",0
39,8,4,现在豆豆每天早上会做什么？,"[""自己出门"", ""准时把\""我\""叫醒"", ""一直睡觉"", ""不理\""我\""""]",1
40,8,5,"""我""觉得养宠物带来了什么？","[""只有麻烦，没有好处"", ""没有任何变化"", ""责任感和陪伴"", ""经济负担""]",2
41,9,1,小李最近有什么变化？,"[""经常出差"", ""迷上了游戏，声音很大"", ""生病了"", ""搬走了""]",1
42,9,2,"""我""一开始是怎么处理这个问题的？","[""马上找他吵架"", ""直接搬走"", ""在心里忍着"", ""找房东投诉""]",2
43,9,3,"""我""最后是怎么解决这个问题的？","[""一直不说"", ""主动跟小李沟通"", ""找朋友帮忙"", ""报警""]",1
44,9,4,"小李听了""我""的想法以后怎么做？","[""道歉并说以后戴耳机"", ""继续大声玩游戏"", ""没有反应"", ""生气了""]",0
45,9,5,"这次经历让""我""明白了什么？","[""应该一直忍着"", ""室友都不好相处"", ""游戏对关系影响不大"", ""直接沟通比忍耐更有效""]",3
46,10,1,"""我""多大年纪开始学游泳？","[""二十五岁"", ""二十岁"", ""三十岁"", ""十五岁""]",0
47,10,2,"第一节课的时候，""我""是什么表现？","[""很轻松"", ""不敢把头放进水里"", ""已经会游了"", ""没有去上课""]",1
48,10,3,"教练是怎么教""我""的？","[""先教换气，再教手脚动作"", ""让\""我\""自己练习"", ""直接让\""我\""下水"", ""批评\""我\""""]",0
49,10,4,"经过多长时间的练习，""我""能游到对岸了？","[""半年"", ""一年"", ""两个多月"", ""一个星期""]",2
50,10,5,"这次学游泳的经历让""我""明白了什么？","[""应该早点学"", ""游泳很难，不该学"", ""教练很重要"", ""只要坚持，什么时候开始都不晚""]",3
51,11,1,朋友们本来说要做什么？,"[""送礼物"", ""一起吃饭(普通聚餐)"", ""开惊喜生日会"", ""出去旅行""]",1
52,11,2,"走进餐厅的时候，""我""是什么反应？","[""生气了"", ""愣住了，没反应过来"", ""很平静"", ""提前就知道了""]",1
53,11,3,朋友们准备惊喜花了多长时间？,"[""半年"", ""一天"", ""一个星期"", ""快一个月""]",3
54,11,4,朋友们送了什么特别的礼物？,"[""衣服"", ""用照片做的相册"", ""旅行机票"", ""手机""]",1
55,11,5,"""我""从这次生日会中体会到了什么？","[""朋友们很忙"", ""生日不重要"", ""惊喜派对很麻烦"", ""真正的朋友愿意花心思让你感受到被重视""]",3
56,12,1,"""我""为什么会迷路？","[""坐错了车"", ""下大雨看不清路"", ""手机没电了"", ""不用导航，靠自己走""]",3
57,12,2,"迷路的时候，""我""的心情怎么样？","[""越来越着急"", ""很生气"", ""很轻松"", ""完全不担心""]",0
58,12,3,"""我""是向谁问的路？","[""卖水果的老爷爷"", ""警察"", ""出租车司机"", ""酒店服务员""]",0
59,12,4,"老爷爷除了告诉""我""怎么走，还做了什么？","[""画了一张地图"", ""什么都没做"", ""打车送\""我\""回去"", ""打电话给酒店""]",0
60,12,5,"这次经历让""我""明白了什么？","[""出差很麻烦"", ""应该一直用导航"", ""陌生的地方不能去"", ""只要愿意开口问路，总能找到办法""]",3
61,13,1,奶奶的孩子们平时怎么样？,"[""住在同一栋楼"", ""经常回来看她"", ""在外地工作，很少回来"", ""已经去世了""]",2
62,13,2,"""我""和奶奶是怎么开始熟悉起来的？","[""\""我\""帮她拿了重的东西"", ""一起旅行"", ""她主动来敲门"", ""通过朋友介绍""]",0
63,13,3,"""我""经常为奶奶做什么？","[""帮她做需要力气的事情"", ""给她钱"", ""带她去医院"", ""教她用手机""]",0
64,13,4,"奶奶经常为""我""做什么？","[""借钱给\""我\"""", ""介绍工作"", ""打扫房间"", ""做点心给\""我\""""]",3
65,13,5,这篇文章想告诉我们什么？,"[""搬家要选好邻居"", ""邻居之间不应该来往"", ""一个小小的帮忙可能开始一段温暖的关系"", ""老人都很孤独""]",2
66,14,1,自行车出了什么问题？,"[""轮胎坏了"", ""链条一直掉"", ""刹车坏了"", ""被偷了""]",1
67,14,2,"""我""本来打算怎么处理这个问题？","[""问朋友借车"", ""直接去修车店"", ""不管它"", ""扔掉自行车""]",1
68,14,3,"""我""最后决定怎么做？","[""找专业师傅"", ""自己看视频学着修"", ""买一辆新车"", ""请邻居帮忙""]",1
69,14,4,修车的过程顺利吗？,"[""请人修好的"", ""完全没有修好"", ""试了好几次才成功"", ""一次就成功了""]",2
70,14,5,"修好自行车以后，""我""有什么感受？","[""特别有成就感，学到了新技能"", ""没有特别的感受"", ""很后悔浪费时间"", ""觉得很麻烦，不想再骑""]",0
71,15,1,"""我""为什么没带伞？","[""伞坏了"", ""忘记了"", ""家里没有伞"", ""看天气觉得不会下雨""]",3
72,15,2,下午发生了什么事？,"[""突然下起大雨"", ""天晴了"", ""停电了"", ""公交车坏了""]",0
73,15,3,"下班的时候，谁帮了""我""？","[""保安"", ""同事小王"", ""出租车司机"", ""没有人帮忙""]",1
74,15,4,"小王是怎么帮""我""的？","[""给\""我\""打电话"", ""开车送\""我\""回家"", ""和\""我\""一起挤一把伞"", ""借伞给\""我\""""]",2
75,15,5,"这次经历以后，""我""养成了什么习惯？","[""每天看天气预报"", ""包里常备一把折叠伞"", ""不再相信天气预报"", ""不再出门""]",1
76,16,1,"""我""为什么报名英语口语班？","[""为了工作"", ""父母要求的"", ""为了考试"", ""为了能更好地跟外国朋友交流""]",3
77,16,2,"""我""第一次上课时心情怎么样？","[""很轻松"", ""特别紧张"", ""完全不在意"", ""很开心""]",1
78,16,3,老师第一节课做了什么？,"[""只是自我介绍"", ""先带大家做游戏，放松气氛"", ""马上让大家开口说话"", ""布置了很多作业""]",1
79,16,4,"下课以后，""我""的感觉有什么变化？","[""更紧张了"", ""没有想象中那么紧张"", ""决定不再去上课"", ""完全没有变化""]",1
80,16,5,"""我""对以后的学习有什么想法？","[""觉得英语太难，放弃了"", ""打算换一个班"", ""觉得没有希望"", ""相信坚持下去会有进步""]",3
81,17,1,"""我""为什么想在阳台种蔬菜？","[""朋友建议的"", ""既能锻炼身体，又能吃到新鲜蔬菜"", ""没有其他事情做"", ""为了赚钱""]",1
82,17,2,一开始种菜遇到了什么问题？,"[""邻居反对"", ""没有花盆"", ""浇水和阳光没掌握好，苗死了"", ""被偷了""]",2
83,17,3,"""我""是怎么解决这些问题的？","[""请专业的人来种"", ""放弃种菜"", ""买更贵的种子"", ""上网查资料，向朋友请教""]",3
84,17,4,经过多长时间，蔬菜长大了？,"[""一年"", ""三天"", ""两个多月"", ""一个星期""]",2
85,17,5,"""我""现在对照顾这些植物是什么态度？","[""觉得很麻烦，想放弃"", ""打算卖掉花盆"", ""完全不关心"", ""成了下班后最喜欢做的事情之一""]",3
86,18,1,"""我""和朋友为什么冷战？","[""因为钱的问题"", ""因为一件小事，谁都不肯先低头"", ""因为搬家"", ""因为工作""]",1
87,18,2,"冷战期间""我""的心情怎么样？","[""完全不在意"", ""忘记了这件事"", ""心里不舒服，会想起以前的事"", ""很开心""]",2
88,18,3,"""我""为什么没有主动联系朋友？","[""因为搬家了"", ""因为面子问题"", ""因为太忙"", ""不知道她的电话""]",1
89,18,4,最后是谁先联系了谁？,"[""两人同时联系"", ""通过别人传话"", ""\""我\""先联系了朋友"", ""朋友先发消息给\""我\""""]",3
90,18,5,"这次经历让""我""明白了什么？","[""面子比友情重要"", ""真正的朋友之间没有解决不了的问题"", ""朋友之间不应该吵架"", ""应该一直冷战下去""]",1
91,19,1,"""我""犯了什么错误？","[""忘记开洗衣机"", ""没把红色衣服和白色衣服分开洗"", ""用错了洗衣粉"", ""水温太高""]",1
92,19,2,结果白衣服变成了什么颜色？,"[""蓝色"", ""黑色"", ""淡淡的粉色"", ""没有变化""]",2
93,19,3,"""我""是什么反应？","[""非常生气，扔掉了衣服"", ""马上去买新衣服"", ""完全没在意"", ""又生气又好笑""]",3
94,19,4,妈妈是怎么说的？,"[""没有说什么"", ""让\""我\""赔钱"", ""说这是很多人都会犯的错误"", ""批评了\""我\""""]",2
95,19,5,"这次经历让""我""学到了什么？","[""以后不再自己洗衣服"", ""应该买新洗衣机"", ""洗衣服前要检查颜色，深浅色分开洗"", ""衣服颜色不重要""]",2
96,20,1,"""我""平时对体检是什么态度？","[""随便走个过程，不太在意"", ""每个月都去检查"", ""从来不去体检"", ""非常重视""]",0
97,20,2,这次体检医生发现了什么问题？,"[""需要马上住院"", ""视力不好"", ""体重和血压偏高"", ""没有任何问题""]",2
98,20,3,"""我""听到这个消息后的反应是什么？","[""没有相信医生"", ""心里挺紧张的"", ""很生气"", ""完全不在意""]",1
99,20,4,"""我""反思了自己哪些生活习惯？","[""经常熬夜、很少运动、饮食不规律"", ""运动太多"", ""吃得太少"", ""睡眠太多""]",0
100,20,5,三个月以后再检查，结果怎么样？,"[""各项指标恢复了正常"", ""没有任何变化"", ""情况变得更差"", ""没有再去检查""]",0
101,21,1,"""我""为什么决定去湖边？","[""难得有空闲时间，临时决定"", ""工作安排"", ""朋友邀请"", ""家人要求""]",0
102,21,2,"""我""是怎么去的？带了什么？","[""和朋友一起，租了车"", ""坐火车，什么都没带"", ""一个人，带了小背包"", ""开车，带了很多行李""]",2
103,21,3,"中午""我""做了什么？","[""继续走路"", ""回家吃饭"", ""找了安静的地方吃午饭、睡午觉"", ""去了餐厅""]",2
104,21,4,"下午""我""做了什么活动？","[""游泳"", ""划船"", ""钓鱼"", ""租自行车绕湖骑行""]",3
105,21,5,"这次旅行让""我""明白了什么？","[""不用走太远也能放松心情"", ""一个人旅行不安全"", ""必须走得很远才能放松"", ""应该经常请假""]",0
106,22,1,他们为什么凌晨四点就出发？,"[""为了看日出"", ""山路很长"", ""天气原因"", ""怕堵车""]",0
107,22,2,爬到半山腰时，大家遇到了什么困难？,"[""体力不够，脚步变慢"", ""下雨了"", ""没有水喝"", ""迷路了""]",0
108,22,3,大家是怎么坚持下来的？,"[""放弃了"", ""互相鼓励，一步一步走"", ""坐下休息很久"", ""叫车上山""]",1
109,22,4,他们最后看到了什么景象？,"[""太阳从云里升起，天空变橙红色"", ""什么都没看到"", ""没看到日出就下山了"", ""下雨了""]",0
110,22,5,"这次爬山经历让""我""明白了什么？","[""日出不好看"", ""应该坐车上山"", ""爬山太累，不值得"", ""美好的东西需要努力才能看到""]",3
111,23,1,这次旅行有什么特别之处？,"[""第一次出国"", ""只有\""我\""一个人去"", ""好几年没有全家一起出去玩了"", ""是公司安排的""]",2
112,23,2,弟弟第一次看到大海时是什么反应？,"[""想马上回家"", ""没有兴趣"", ""兴奋得跑来跑去"", ""很害怕""]",2
113,23,3,晚上一家人在海边做了什么？,"[""看电视"", ""去购物"", ""回酒店睡觉"", ""散步，聊平时很少聊的话题""]",3
114,23,4,这次旅行一共去了几天？,"[""五天"", ""十天"", ""两天"", ""一个月""]",0
115,23,5,妈妈对这次旅行有什么想法？,"[""觉得太贵了"", ""以后不想再去"", ""以后应该每年都安排一次家庭旅行"", ""觉得太累了""]",2
116,24,1,"""我""为什么坐过了站？","[""火车晚点了"", ""一直看手机，没注意广播"", ""朋友没告诉\""我\"""", ""睡着了""]",1
117,24,2,"发现坐过站以后，""我""的心情怎么样？","[""觉得无所谓"", ""很平静"", ""特别着急"", ""很开心""]",2
118,24,3,"""我""是怎么解决这个问题的？","[""直接回家"", ""自己想办法"", ""给朋友打电话，问怎么换乘"", ""在车站等着""]",2
119,24,4,"最后""我""多花了多长时间才到达目的地？","[""没有耽误时间"", ""十分钟"", ""一整天"", ""将近一个小时""]",3
120,24,5,朋友是怎么看待这件事的？,"[""觉得\""我\""很粗心，不再相信\""我\"""", ""觉得这是一次小小的意外冒险"", ""完全没有在意"", ""生气地批评\""我\""""]",1
121,25,1,"""我""是怎么去朋友老家的？","[""骑自行车"", ""坐飞机"", ""走路"", ""坐了将近五个小时的车""]",3
122,25,2,"小张的父母是怎么招待""我""的？","[""热情地做了一桌子家常菜"", ""很冷淡"", ""没有见面"", ""请\""我\""去饭店吃饭""]",0
123,25,3,"晚上小张带""我""做了什么？","[""去邻居家串门"", ""看电视"", ""在村子里散步，讲童年故事"", ""直接休息了""]",2
124,25,4,第二天他们一起做了什么？,"[""去城市逛街"", ""去博物馆"", ""在家休息"", ""去田地摘菜""]",3
125,25,5,"这次旅行给""我""带来了什么？","[""没有特别的感受"", ""决定搬到村子里住"", ""觉得农村生活不方便"", ""看到不一样的生活，和小张的感情更深了""]",3
126,26,1,这次旅行的主要目的是什么？,"[""把当地有名的小吃都尝一遍"", ""拜访朋友"", ""购物"", ""看有名的景点""]",0
127,26,2,他们下飞机以后先去了哪里？,"[""当地最有名的小吃街"", ""博物馆"", ""海边"", ""酒店""]",0
128,26,3,三天里他们对食物的感受怎么样？,"[""都很好吃"", ""有的很惊艳，有的不合口味"", ""没有时间吃东西"", ""完全不好吃""]",1
129,26,4,朋友们回去以后怎么评价这次旅行？,"[""笑他们\""白来了\""，因为没去景点"", ""都很羡慕"", ""完全不关心"", ""也想跟着一起去""]",0
130,26,5,"""我""觉得这次旅行怎么样？","[""体验了当地生活，比单纯看风景更有意思"", ""应该多去几个景点"", ""吃得太多，不健康"", ""浪费时间，很后悔""]",0
131,27,1,这次旅行是在什么背景下进行的？,"[""家庭旅行"", ""公司团建"", ""大学同学毕业以后第一次一起旅行"", ""高中同学聚会""]",2
132,27,2,他们每天早上做的第一件事是什么？,"[""睡懒觉"", ""去海边散步，看日出"", ""打电话"", ""吃早饭""]",1
133,27,3,白天他们做了哪些活动？,"[""游泳、玩沙滩排球"", ""购物"", ""在房间休息"", ""开会""]",0
134,27,4,晚上他们做了什么？,"[""去酒吧"", ""坐在沙滩上看星星、聊天"", ""看电影"", ""早早睡觉""]",1
135,27,5,"这次旅行对""我""最大的意义是什么？","[""没有特别的意义"", ""暂时忘记工作压力，和朋友重聚"", ""花了很多钱"", ""决定搬到海边住""]",1
136,28,1,"这是""我""第几次露营？","[""每年都去"", ""第五次"", ""已经忘了"", ""第一次""]",3
137,28,2,朋友们负责做什么？,"[""只负责拍照"", ""提前回家了"", ""什么都不做"", ""搭帐篷、准备食物""]",3
138,28,3,晚上他们围着篝火做了什么？,"[""一边烤东西吃，一边聊天"", ""早早睡觉"", ""唱歌跳舞"", ""看书""]",0
139,28,4,"晚上睡觉的时候，""我""有什么感受？","[""一整夜没睡"", ""觉得很无聊"", ""完全不害怕"", ""风声让\""我\""有点害怕，后来慢慢习惯""]",3
140,28,5,"这次露营经历让""我""发现了什么？","[""朋友们不适合一起露营"", ""离开手机和城市能更真实地感受大自然"", ""露营太辛苦，不想再去"", ""帐篷质量不好""]",1
141,29,1,"""我""是在什么情况下去参观博物馆的？","[""朋友邀请"", ""出差时正好有空闲的一天"", ""专程去旅游"", ""公司安排""]",1
142,29,2,博物馆里收藏了什么？,"[""动物标本"", ""历史悠久的文物"", ""植物"", ""现代艺术品""]",1
143,29,3,"""我""是怎么参观的？","[""请了讲解员，一边听一边参观"", ""自己随便看看"", ""很快就看完了"", ""没有仔细看""]",0
144,29,4,"""我""在博物馆一共待了多长时间？","[""一整天"", ""半个小时"", ""三个多小时"", ""十分钟""]",2
145,29,5,"参观结束以后，""我""做了什么？","[""什么都没买"", ""在礼品店买了一本介绍历史的书"", ""决定不再来"", ""马上离开了""]",1
146,30,1,这次旅行是在什么假期？,"[""国庆假期"", ""春节"", ""暑假"", ""周末""]",0
147,30,2,他们遇到了什么情况？,"[""找不到酒店"", ""交通堵塞，无法出发"", ""到处都是人，排着长长的队伍"", ""天气不好""]",2
148,30,3,酒店的价格怎么样？,"[""更便宜"", ""没有房间"", ""比平时贵了不少"", ""和平时一样""]",2
149,30,4,一家人是怎么调整心态的？,"[""一直抱怨"", ""提前回家了"", ""把排队的时间当作聊天的机会"", ""取消了旅行""]",2
150,30,5,"""我""从这次旅行中得到了什么经验？","[""国庆假期最适合旅行"", ""以后应该尽量避开人多的高峰时间"", ""排队没有问题"", ""以后不再旅行""]",1
151,31,1,这次骑行的全程大约多少公里？,"[""五十公里"", ""一百公里"", ""三十公里"", ""十公里""]",2
152,31,2,出发的时候，大家的状态怎么样？,"[""已经很累了"", ""想放弃"", ""犹豫不决"", ""信心满满""]",3
153,31,3,骑到一半的时候发生了什么？,"[""自行车坏了"", ""下雨了"", ""迷路了"", ""体力开始下降，腿变酸""]",3
154,31,4,他们是怎么恢复体力的？,"[""坐车回家"", ""找人帮忙"", ""继续骑，不休息"", ""停下来休息，喝水，看风景""]",3
155,31,5,"完成骑行以后，""我""有什么感受？","[""后悔参加"", ""觉得没有意义"", ""再也不想骑自行车了"", ""虽然辛苦，但很有成就感""]",3
156,32,1,这次旅行和以前有什么不同？,"[""第一次一个人自由行"", ""和家人一起"", ""请了导游"", ""跟团旅游""]",0
157,32,2,"""我""在古镇遇到了什么问题？","[""因为地图不准确，在小巷子里迷路"", ""丢了钱包"", ""找不到酒店"", ""生病了""]",0
158,32,3,"迷路以后，""我""是什么心态？","[""马上报警"", ""转念一想，当作是意外的探险"", ""立刻回酒店"", ""非常生气""]",1
159,32,4,"""我""在迷路的过程中发现了什么？","[""地图上没有的小店和有意思的角落"", ""什么都没发现"", ""危险的地方"", ""其他游客""]",0
160,32,5,"这次经历让""我""明白了什么？","[""旅行有时候不需要太多计划，意外也可能带来惊喜"", ""旅行一定要提前计划好"", ""古镇不值得去"", ""不应该一个人旅行""]",0
161,33,1,"""我""为什么提前一个多月开始抢票？","[""公司要求"", ""想早点回家"", ""车票很难买"", ""怕票太贵""]",2
162,33,2,"到家门口的时候，""我""看到了什么？","[""家里在装修"", ""朋友来接\""我\"""", ""家里没有人"", ""爸爸妈妈已经站在门口等着""]",3
163,33,3,回家的这几天，家里是什么气氛？,"[""大家都很忙"", ""妈妈做很多菜，亲戚朋友来访，很热闹"", ""没有什么变化"", ""很安静""]",1
164,33,4,"""我""觉得春节回家路上怎么样？","[""比平时更方便"", ""完全没有问题"", ""又挤又累，抢票也不容易"", ""很轻松""]",2
165,33,5,"""我""认为春节回家最重要的意义是什么？","[""休息"", ""和家人一起吃团圆饭"", ""去有名的景点"", ""买很多东西""]",1
166,34,1,"""我""为什么决定一个人去旅行？","[""为了省钱"", ""被公司派去"", ""工作太忙，想给自己放假休息"", ""朋友都没空""]",2
167,34,2,"刚开始一个人旅行时，""我""有什么感受？","[""不习惯自己做决定，感到不安"", ""完全没有问题"", ""很开心，没有任何困难"", ""想马上回家""]",0
168,34,3,"慢慢地，""我""的心态发生了什么变化？","[""开始享受自由安排行程的感觉"", ""决定提前回家"", ""越来越不安"", ""找了旅行团""]",0
169,34,4,"这一个星期，""我""做了什么？","[""一直待在酒店"", ""参观了以前只在照片里看过的地方"", ""什么都没做"", ""生病了，没有出门""]",1
170,34,5,"这次旅行给""我""带来了什么变化？","[""觉得旅行很浪费钱"", ""以后再也不想一个人旅行"", ""变得更独立，更了解自己"", ""没有任何变化""]",2
171,35,1,"""我""以前有什么样的花钱习惯？","[""从不乱花钱"", ""从来不存钱也不花钱"", ""工资发下来没几天就花完"", ""每个月都能存下很多钱""]",2
172,35,2,"""我""决定存钱的原因是什么？","[""想买一件贵重的东西"", ""父母要求的"", ""朋友建议的"", ""银行账户里钱很少，感到害怕""]",3
173,35,3,"""我""的存钱方法是什么？","[""完全不花钱"", ""每月存三分之一到另一张卡"", ""找人帮忙管理工资"", ""把所有工资都存起来""]",1
174,35,4,"存钱以后，""我""的花钱习惯发生了什么变化？","[""花钱比以前更多了"", ""变得更理性，会先考虑是否需要"", ""没有任何变化"", ""完全不敢花钱了""]",1
175,35,5,"""我""从这次经历中明白了什么？","[""存钱就是要过苦日子"", ""工资应该全部存起来"", ""不需要考虑理财问题"", ""应该更清楚钱花在哪里""]",3
176,36,1,"豆豆刚到""我""家的时候，表现怎么样？","[""一直在叫"", ""一直躲在沙发底下，害怕"", ""马上就跟\""我\""很亲近"", ""很活泼，到处跑""]",1
177,36,2,"""我""是怎么让豆豆愿意出来的？","[""每天大声叫它的名字"", ""定时放食物，安静地等它自己出来"", ""强行把它抱出来"", ""把它关在一个小房间里""]",1
178,36,3,豆豆大概用了多长时间才愿意出来吃东西？,"[""一个星期左右"", ""半年"", ""一个月"", ""一天""]",0
179,36,4,"现在豆豆在""我""下班回家时会做什么？","[""不理\""我\"""", ""跑到门口迎接"", ""一直睡觉"", ""躲起来""]",1
180,36,5,"养猫这件事让""我""明白了什么道理？","[""关心对方要给时间和空间，而不是强迫"", ""猫比人更好相处"", ""养猫很麻烦"", ""应该经常换新的宠物""]",0
181,37,1,"""我""出差期间，家里发生了什么事？","[""窗户没关好，雨水灌进屋里"", ""停电了"", ""什么事都没发生"", ""被小偷进过""]",0
182,37,2,王阿姨是怎么发现问题的？,"[""路过时听到屋里有水声"", ""看监控发现的"", ""物业通知她的"", ""\""我\""打电话告诉她的""]",0
183,37,3,"王阿姨用什么方法进了""我""家？","[""用备用钥匙"", ""等\""我\""回来才处理"", ""叫了开锁公司"", ""打破了窗户""]",0
184,37,4,"""我""回来后是怎么感谢王阿姨的？","[""买水果感谢她"", ""给她钱"", ""请她吃了一顿大餐"", ""什么都没做""]",0
185,37,5,"这件事以后，""我""对邻居关系有什么样的新认识？","[""好邻居在关键时刻能帮上大忙"", ""邻居之间没必要来往"", ""应该搬到别的地方住"", ""邻居关系不重要""]",0
186,38,1,"""我""决定开始健身的原因是什么？","[""医生提醒要注意健康"", ""想换新衣服"", ""朋友邀请"", ""想参加比赛""]",0
187,38,2,"""我""一开始健身遇到了什么困难？","[""家人反对"", ""没有钱请教练"", ""不知道方法，跑不了多久就累"", ""没有时间""]",2
188,38,3,"健身教练帮""我""做了什么？","[""只是陪\""我\""聊天"", ""帮\""我\""做饭"", ""带\""我\""去买健身器材"", ""教正确运动方法，并帮忙调整饮食""]",3
189,38,4,"坚持健身大半年后，""我""发生了什么变化？","[""完全没有效果"", ""体重没有变化"", ""瘦了十几斤，体力变好"", ""变得更容易生病""]",2
190,38,5,"现在健身对""我""来说意味着什么？","[""生活中不可缺少的一部分"", ""只是暂时的爱好"", ""一种负担"", ""已经放弃了""]",0
191,39,1,"""我""是怎么接触到摄影的？","[""参加了学校的课程"", ""工作需要"", ""男朋友送了一台相机作为礼物"", ""从小就喜欢""]",2
192,39,2,"""我""最开始拍照遇到了什么问题？","[""没有地方可以拍"", ""没有时间练习"", ""照片模糊，明暗不合适"", ""相机坏了""]",2
193,39,3,"""我""是怎么提高摄影水平的？","[""只靠自己摸索"", ""请朋友教"", ""买了更贵的相机"", ""报了摄影入门课程，并经常练习""]",3
194,39,4,"朋友们对""我""拍的照片有什么反应？","[""没有人关心"", ""觉得一般"", ""开始请\""我\""帮忙拍照"", ""觉得浪费时间""]",2
195,39,5,"这段摄影经历给""我""带来了什么？","[""找到了让自己开心、能坚持做的事情"", ""经济负担"", ""与朋友的矛盾"", ""更多的烦恼""]",0
196,40,1,"搬家前，""我""发现自己有什么问题？","[""找不到旧照片"", ""家具太少"", ""没有足够的箱子"", ""囤积了很多用不上的东西""]",3
197,40,2,"""我""一开始打算怎么处理这些东西？","[""全部带到新家去"", ""送给邻居"", ""全部扔掉"", ""卖给别人""]",0
198,40,3,"""我""最后是怎么处理这些旧物的？","[""全部卖掉"", ""请朋友帮忙保管"", ""捐掉不用的衣服，扔掉过期的东西"", ""全部留下""]",2
199,40,4,整理完以后，搬到新家的行李发生了什么变化？,"[""只剩下几件衣服"", ""少了将近一半"", ""比原来更多"", ""完全没有变化""]",1
200,40,5,"这次搬家让""我""明白了什么道理？","[""应该把所有旧物都留着"", ""学会放手能让生活更轻松简单"", ""东西越多越好"", ""搬家很麻烦，以后不要再搬""]",1
201,41,1,"""我""和小林毕业后为什么联系变少了？","[""去了不同城市工作"", ""小林换了电话号码"", ""吵架了"", ""两人性格不合""]",0
202,41,2,"""我""是因为什么想起小林的？","[""在路上遇到了她"", ""梦到了她"", ""别人提起她"", ""整理旧照片看到大学时的合影""]",3
203,41,3,小林收到消息后有什么反应？,"[""很快回复，并说也常想起以前的日子"", ""没有回复"", ""拒绝再联系"", ""觉得很奇怪""]",0
204,41,4,"""我们""约好了什么事情？","[""一起换工作"", ""小林出差时见面吃饭"", ""一起搬家"", ""一起出国旅游""]",1
205,41,5,"这次经历让""我""明白了什么？","[""大学同学不值得联系"", ""主动联系，很多关系依然还在"", ""友情很容易消失"", ""应该经常搬家换环境""]",1
206,42,1,"""我""出发前的心情是怎样的？","[""完全没有压力"", ""非常害怕，想取消行程"", ""完全没有兴趣"", ""既兴奋又有点紧张""]",3
207,42,2,"独自旅行和""我""想象中相比怎么样？","[""没有想象中那么难"", ""更加危险"", ""比想象中难很多"", ""完全一样""]",0
208,42,3,"""我""在旅行中做了什么？","[""一直待在酒店里"", ""一直在购物"", ""逛老街、看书、和旅店老板聊天"", ""参加了很多团体活动""]",2
209,42,4,这次旅行持续了多长时间？,"[""半年"", ""一个月"", ""一天"", ""四天""]",3
210,42,5,"这次旅行给""我""带来了什么变化？","[""决定搬到那个城市"", ""更害怕一个人做事"", ""不想再旅行了"", ""变得更自信，了解自己喜欢的生活方式""]",3
211,43,1,今年春节买火车票遇到了什么困难？,"[""火车取消了"", ""家人不同意坐火车"", ""票很难买，只买到站票"", ""票很便宜，很好买""]",2
212,43,2,回老家的路程大概要多久？,"[""半个小时"", ""一整天"", ""两三个小时"", ""将近十个小时""]",3
213,43,3,到家那天，奶奶做了什么？,"[""生气地责怪\""我们\"""", ""没有出来迎接"", ""已经睡着了"", ""在门口等着，紧紧抱住\""我\""""]",3
214,43,4,在老家的这几天，一家人做了什么？,"[""各自出去旅游"", ""一直在工作"", ""包饺子、贴春联、看春晚"", ""一直在睡觉""]",2
215,43,5,"这次回家让""我""明白了什么？","[""老家条件比城市好"", ""更懂得珍惜和家人在一起的时光"", ""春节没有意义"", ""以后不想再回老家""]",1
216,44,1,这次旅行是怎么决定的？,"[""是公司安排的"", ""提前一个月计划好的"", ""是父母建议的"", ""吃饭时临时决定，第二天就出发""]",3
217,44,2,"出发时""我们""做了什么准备？","[""请了旅行社安排"", ""什么都没带"", ""只简单收拾了几件衣服"", ""提前订好了所有行程""]",2
218,44,3,旅行路上发生了什么？,"[""走错了路，差点错过退房时间"", ""车坏了"", ""一切都很顺利"", ""完全没有意外""]",0
219,44,4,"""我们""在旅行中意外发现了什么？","[""一家味道很好的小饭馆"", ""一群老朋友"", ""一个新的工作机会"", ""一家很贵的酒店""]",0
220,44,5,"这次旅行让""我""明白了什么？","[""旅行必须提前计划好"", ""有时候跟着心情走能收获更多惊喜"", ""说走就走的旅行很危险"", ""以后不会再这样旅行""]",1
221,45,1,"""我""是怎么迷路的？","[""手机没电，又不认识路"", ""故意走错方向"", ""被朋友带错了路"", ""坐错了公交车""]",0
222,45,2,"""我""向路人问路时遇到了什么困难？","[""没有遇到任何人"", ""语言不通，交流困难"", ""路人都很凶"", ""没有人愿意帮忙""]",1
223,45,3,"骑自行车的大叔是怎么帮助""我""的？","[""直接不理\""我\"""", ""报警了"", ""用手比划，还带\""我\""骑车到大路口"", ""让\""我\""自己想办法""]",2
224,45,4,"最后""我""顺利做到了什么？","[""找到了自己的朋友"", ""决定不再旅行"", ""回到了酒店"", ""找到了公园，看到了日落""]",2
225,45,5,"这次经历让""我""感受到了什么？","[""语言不通很麻烦，没有别的收获"", ""不应该一个人旅行"", ""陌生城市很危险"", ""陌生人的善意""]",3
226,46,1,"""我""出发前对跟团旅游有什么样的期待？","[""以为会比较轻松，什么都不用操心"", ""觉得会很危险"", ""觉得会很麻烦"", ""完全没有期待""]",0
227,46,2,"跟团旅游让""我""感到不方便的地方是什么？","[""价格太贵"", ""行程太紧，不能好好欣赏风景"", ""完全没有自由活动的时间"", ""没有导游带队""]",1
228,46,3,团队成员之间需要做什么？,"[""完全不用交流"", ""有时需要互相迁就"", ""各自分开旅行"", ""必须完全一致""]",1
229,46,4,跟团旅游的好处是什么？,"[""比自由行更便宜很多"", ""不用操心交通住宿，能认识新朋友"", ""完全没有好处"", ""可以随意改变行程""]",1
230,46,5,"这次经历让""我""明白了什么？","[""跟团旅游一定比自由行好"", ""旅游没有意义"", ""自由行和跟团各有优缺点，要根据目的选择"", ""以后再也不跟团了""]",2
231,47,1,"这次旅行是""我们""家几年来第一次做什么？","[""一起工作"", ""一起出远门旅行"", ""一起搬家"", ""一起吃饭""]",1
232,47,2,"""我们""在海边住了几天？","[""一个星期"", ""一个月"", ""一天"", ""三天""]",3
233,47,3,"""我们""下午通常做什么？","[""游泳或者晒太阳看书"", ""一直在赶行程"", ""待在房间里睡觉"", ""一直在购物""]",0
234,47,4,这次旅行的特点是什么？,"[""去了很多景点"", ""一直在赶路"", ""大部分时间在海边放松休息"", ""完全没有休息时间""]",2
235,47,5,"""我""认为这次旅行的意义是什么？","[""去了多少地方"", ""花了多少钱"", ""一家人能好好在一起"", ""拍了多少照片""]",2
236,48,1,"这次假期""我们""选择了什么样的出行方式？","[""自己开车自驾游"", ""坐火车"", ""跟旅行团"", ""坐飞机""]",0
237,48,2,自驾游最大的好处是什么？,"[""速度快"", ""自由，可以随时停车"", ""不需要准备"", ""完全不用花钱""]",1
238,48,3,"""我们""在路上意外看到了什么？","[""一个古老的城市"", ""一片很大的向日葵田"", ""一场演出"", ""一场大雨""]",1
239,48,4,自驾游辛苦的地方是什么？,"[""找不到吃饭的地方"", ""完全没有辛苦的地方"", ""男朋友一个人开车太累"", ""路线太简单""]",2
240,48,5,"这次经历让""我""明白了什么？","[""以后不会再自驾游"", ""需要做好准备，两人轮流开车更安全"", ""自驾游没有任何缺点"", ""自驾游比跟团更便宜""]",1
241,49,1,"""我""为什么决定辞职换工作？","[""和同事关系不好"", ""公司要倒闭了"", ""每天重复同样的事，很久没学到新东西"", ""收入太低""]",2
242,49,2,"父母一开始对""我""的决定是什么态度？","[""完全支持"", ""没有任何意见"", ""强烈反对，不让\""我\""辞职"", ""不太支持，觉得太冒险""]",3
243,49,3,"为了增加成功的把握，""我""做了什么？","[""请朋友帮忙介绍"", ""直接辞职再找工作"", ""什么都没做"", ""学习新技能，认真准备简历""]",3
244,49,4,"""我""花了多长时间才拿到新工作的录用通知？","[""一个星期"", ""一年"", ""两个月"", ""半年""]",2
245,49,5,"这次换工作的经历让""我""明白了什么？","[""应该一直待在同一家公司"", ""换工作是很危险的事"", ""收入是最重要的"", ""离开熟悉的环境也是一种成长""]",3
246,50,1,这次演讲是关于什么内容的？,"[""新员工培训"", ""个人的工作总结"", ""部门最近完成的一个项目"", ""公司的年度计划""]",2
247,50,2,"""我""为什么感到特别紧张？","[""第一次面对这么多人讲话"", ""内容太难"", ""讲话时间太短"", ""没有准备时间""]",0
248,50,3,"""我""是怎么准备这次演讲的？","[""只在演讲前看了一眼稿子"", ""提前写稿、修改，还请同事帮忙看内容"", ""完全没有准备"", ""让别人代替自己演讲""]",1
249,50,4,"演讲当天""我""的表现是怎样的？","[""一开始有点紧张，后来渐渐放松"", ""中途放弃了"", ""从头到尾都很紧张"", ""完全没有紧张感""]",0
250,50,5,"这次经历让""我""明白了什么？","[""演讲太难，不应该尝试"", ""紧张是不正常的"", ""充分准备能让人更有信心面对挑战"", ""应该拒绝这种任务""]",2
251,51,1,"""我""刚入学时性格是怎样的？","[""喜欢一个人待着，不参加任何活动"", ""非常外向"", ""比较内向，不敢在人多的地方说话"", ""很擅长表演""]",2
252,51,2,"""我""为什么还是选择加入话剧社？","[""朋友邀请"", ""对话剧一直很感兴趣"", ""是被迫参加的"", ""为了完成学分要求""]",1
253,51,3,"第一次上台排练时，""我""表现怎么样？","[""很紧张，忘了台词"", ""中途离开了"", ""完全不敢上台"", ""表现得非常完美""]",0
254,51,4,"学长学姐对""我""的态度是怎样的？","[""嘲笑\""我\"""", ""完全不理\""我\"""", ""严厉批评"", ""耐心教导，一直鼓励""]",3
255,51,5,"话剧社这段经历给""我""带来了什么？","[""克服内向性格，认识好朋友"", ""只是浪费时间"", ""没有任何影响"", ""让\""我\""更害怕上台""]",0
256,52,1,"""我""花了多长时间才确定论文的研究方向？","[""将近一个月"", ""半年"", ""一天"", ""一个星期""]",0
257,52,2,"写作过程中，""我""遇到了什么困难？","[""室友不帮忙"", ""找不到图书馆"", ""完全没有遇到困难"", ""推翻重写，还和导师有分歧""]",3
258,52,3,室友在这段时间做了什么？,"[""陪着\""我\""，帮忙检查论文"", ""劝\""我\""放弃"", ""也在为自己的论文烦恼，没空理\""我\"""", ""完全不管\""我\""""]",0
259,52,4,"""我""是什么时候提交论文的？","[""提前一个星期"", ""提前一个月"", ""最后一天凌晨三点"", ""完全没有按时提交""]",2
260,52,5,"这段写论文的经历让""我""学会了什么？","[""论文没有任何意义"", ""应该依赖别人完成任务"", ""以后不会再做研究"", ""独立完成长期而复杂的任务""]",3
261,53,1,"""我""的兼职工作主要负责什么？","[""打扫卫生"", ""收银"", ""点单和制作饮品"", ""管理员工""]",2
262,53,2,"工作第一个星期，""我""遇到了什么问题？","[""手忙脚乱，还弄坏了咖啡机"", ""完全没有问题"", ""迟到了很多次"", ""和同事吵架了""]",0
263,53,3,"店长对""我""弄坏咖啡机的态度是什么？","[""直接辞退了\""我\"""", ""没有生气，耐心教\""我\""并安慰\""我\"""", ""非常生气，责怪\""我\"""", ""让\""我\""赔偿损失""]",1
264,53,4,这份兼职工作做了多长时间？,"[""一年"", ""半年"", ""一个星期"", ""两个月""]",3
265,53,5,"这段经历让""我""明白了什么？","[""工作中不能犯任何错误"", ""兼职工作没有意义"", ""应该避免和客人交流"", ""犯错不可怕，可怕的是不敢承认和改进""]",3
266,54,1,这个项目最初面临什么困难？,"[""时间紧、任务重，一个月要完成两个月的工作量"", ""客户要求太简单"", ""预算不够"", ""没有人愿意参与""]",0
267,54,2,为了赶上进度，团队做了什么？,"[""直接放弃了部分任务"", ""每个人各自独立工作，互不干涉"", ""请了很多新员工"", ""重新分配工作，每天开会沟通""]",3
268,54,3,同事生病请假时，团队是怎么处理的？,"[""没有人管这件事"", ""其他人主动分担了他的工作"", ""取消了这个项目"", ""项目因此延误了""]",1
269,54,4,这个项目最后的结果怎么样？,"[""没有按时完成"", ""中途被取消了"", ""按时完成，质量得到客户认可"", ""完成了但质量很差""]",2
270,54,5,"这次经历让""我""体会到了什么？","[""团队合作没有意义"", ""一个人工作效率更高"", ""沟通顺畅、互相配合能完成看似不可能的任务"", ""时间紧的项目不应该接""]",2
271,55,1,"这个学期""我""面临什么样的情况？","[""完全不需要复习"", ""选了难课，复习内容还有一大半没看完"", ""提前很久就复习完了"", ""课程都很简单""]",1
272,55,2,"""我""是怎么提高复习效率的？","[""一个人闷头复习"", ""和同学组成学习小组，互相讲解"", ""完全不复习"", ""请老师单独辅导""]",1
273,55,3,学习小组遇到难题时会怎么做？,"[""讨论到很晚，互相讲解"", ""直接跳过不管"", ""各自放弃"", ""抄别人的答案""]",0
274,55,4,"考试周结束后，""我""的状态是怎样的？","[""完全没有收获"", ""生病住院了"", ""瘦了，很疲惫，但成绩比预想的好"", ""完全没有变化""]",2
275,55,5,"这段经历让""我""明白了什么？","[""一群人一起努力比单打独斗更有效率"", ""学习小组浪费时间"", ""一个人复习效率更高"", ""考试没有必要认真准备""]",0
276,56,1,作者对社交网络的态度经历了什么变化？,"[""从不喜欢到喜欢"", ""完全没有变化"", ""从喜欢到完全排斥"", ""从习惯使用到重新思考它的影响""]",3
277,56,2,作者认为社交网络带来的问题是什么？,"[""容易把自己和别人比较，产生焦虑"", ""影响视力"", ""让人变得不爱说话"", ""浪费太多钱""]",0
278,56,3,作者是否建议完全放弃社交网络？,"[""不是，建议更有意识地使用"", ""没有明确表态"", ""建议增加使用时间"", ""是的，建议完全放弃""]",0
279,56,4,作者提到网上看到的内容有什么特点？,"[""往往只是别人生活中最好的一面"", ""都是虚假信息"", ""没有任何参考价值"", ""完全真实，代表全部生活""]",0
280,56,5,文章最后想表达的观点是什么？,"[""每个人都应该多用社交网络"", ""社交网络没有任何用处"", ""社交网络应该被禁止"", ""应该理性看待社交网络上的信息""]",3
281,57,1,作者一个人生活了多长时间？,"[""一年"", ""从小就一个人生活"", ""十年"", ""快五年""]",3
282,57,2,身边人一开始对作者一个人生活有什么担心？,"[""担心会孤单，遇到不方便的事没人帮忙"", ""觉得会花很多钱"", ""担心会变懒"", ""担心找不到工作""]",0
283,57,3,一个人生活让作者感到无助的情况是什么？,"[""找不到房子"", ""工作太忙"", ""生病发烧的时候"", ""没有朋友""]",2
284,57,4,作者认为一个人生活的好处是什么？,"[""可以按自己的节奏生活，有更多时间思考"", ""完全没有好处"", ""可以省很多钱"", ""不用工作""]",0
285,57,5,作者对一个人生活这件事的整体看法是什么？,"[""只是暂时的状态，没有意义"", ""一定是孤独可怜的"", ""让自己更了解自己，更独立坚强"", ""完全不推荐""]",2
286,58,1,作者是从什么时候开始养成读书习惯的？,"[""从小就有这个习惯"", ""工作以后，利用通勤时间"", ""退休以后"", ""上大学之前""]",1
287,58,2,作者刚开始读书时喜欢读什么样的书？,"[""只读漫画"", ""完全不读书"", ""小说和散文"", ""跟工作相关的\""有用\""的书""]",3
288,58,3,后来作者的阅读喜好发生了什么变化？,"[""只读工作相关的书"", ""更喜欢读看起来\""没什么用\""的小说散文"", ""完全不再读书"", ""只读别人推荐的书""]",1
289,58,4,"作者认为""没什么用""的书能带来什么？","[""完全没有价值"", ""让人变得更焦虑"", ""只是浪费时间"", ""情绪上的放松和新的看待问题的角度""]",3
290,58,5,文章最后表达的观点是什么？,"[""只应该读专业书籍"", ""看不见摸不着的收获也很珍贵"", ""读书必须要有立刻见效的用处"", ""读书是浪费时间的事""]",1
291,59,1,作者以前是怎么解决一日三餐的？,"[""完全不吃饭"", ""靠外卖和方便食品，不太考虑营养"", ""只吃水果"", ""每天认真做饭""]",1
292,59,2,作者是因为什么开始重视饮食健康的？,"[""体检发现血脂偏高，医生建议调整饮食"", ""家人要求"", ""朋友建议"", ""看到网上的文章""]",0
293,59,3,作者调整饮食后遇到了什么困难？,"[""觉得自己做的菜不如外卖好吃，也花时间精力"", ""找不到食材"", ""家人反对"", ""完全没有困难""]",0
294,59,4,坚持健康饮食几个月后，作者发生了什么变化？,"[""没有任何变化"", ""变瘦了很多"", ""变得不喜欢吃饭"", ""体检指标恢复正常，精神状态变好""]",3
295,59,5,作者认为健康饮食的关键是什么？,"[""在美食和健康之间找到平衡点"", ""完全放弃美食"", ""完全不能吃外卖"", ""只吃水果蔬菜""]",0
296,60,1,作者以前遇到的问题是什么？,"[""完全没有事情做"", ""不喜欢工作"", ""睡眠时间太多"", ""感觉时间不够用，计划的事情做不完""]",3
297,60,2,作者反思后认为问题出在哪里？,"[""时间太少"", ""身边人太多打扰"", ""不知道怎么合理安排时间"", ""工作能力不够""]",2
298,60,3,作者用什么方法改善时间管理？,"[""完全不做计划"", ""请别人帮忙安排"", ""每晚花十分钟列出第二天的事，排优先顺序"", ""减少睡眠时间""]",2
299,60,4,坚持时间管理后，作者有什么变化？,"[""放弃了所有计划"", ""完成计划效率提高，晚上有更多休息时间"", ""完全没有变化"", ""变得更忙了""]",1
300,60,5,作者认为时间管理的核心是什么？,"[""把每一分钟都填满任务"", ""应该同时做很多事情"", ""分辨轻重缓急，把精力用在重要的事情上"", ""完全不需要休息""]",2
301,61,1,作者一开始为什么犹豫要不要养宠物？,"[""家人反对"", ""经济条件不允许"", ""不喜欢动物"", ""担心没有足够时间精力照顾""]",3
302,61,2,作者是怎么开始养宠生活的？,"[""朋友送的"", ""特意去买了一只名贵的狗"", ""捡到的"", ""因为特殊机会收养了一只被遗弃的小狗""]",3
303,61,3,养宠物后，作者的生活发生了什么变化？,"[""完全没有变化"", ""变得更自由了"", ""花的钱变少了"", ""生活规律改变，不再经常在外聚会到很晚""]",3
304,61,4,每天下班回家，小狗会做什么？,"[""完全不理作者"", ""摇着尾巴跑过来迎接"", ""到处捣乱"", ""一直在睡觉""]",1
305,61,5,这段养宠经历让作者明白了什么？,"[""养宠物太辛苦，不推荐"", ""应该养更多宠物"", ""养宠物没有任何好处"", ""承担责任的同时，生活也多了牵挂和温暖""]",3
306,62,1,作者以前对旅行的意义有什么样的疑问？,"[""认为旅行只是为了拍照"", ""怀疑花那么多时间金钱旅行有什么意义"", ""觉得旅行非常重要"", ""完全没有疑问""]",1
307,62,2,作者认为旅行的意义不在于什么？,"[""遇到的人和事"", ""打卡景点、拍照"", ""用新眼光看世界"", ""改变自己""]",1
308,62,3,作者在旅途中遇到了什么困难？,"[""丢了行李"", ""语言不通、路线不熟"", ""生病了"", ""完全没有遇到困难""]",1
309,62,4,"这些旅途中的""不顺利""给作者带来了什么？","[""浪费了很多钱"", ""只有痛苦，没有收获"", ""让作者不想再旅行"", ""学会冷静解决问题，遇到愿意帮助的陌生人""]",3
310,62,5,作者最后认为旅行真正的价值在于什么？,"[""花了多少钱"", ""目的地本身"", ""拍了多少照片"", ""路上遇到的人和事，以及改变的自己""]",3
311,63,1,作者最初以为搬家是什么样的事情？,"[""非常复杂，需要很长时间"", ""只是把东西从一个地方挪到另一个地方"", ""完全不需要花时间准备"", ""一件让人非常伤心的事""]",1
312,63,2,打包过程中，作者的心情发生了什么变化？,"[""因为翻出旧物而不断停下来回忆"", ""因为太累而生气"", ""一直很平静"", ""完全没有情绪波动""]",0
313,63,3,原计划打包需要多长时间？,"[""一个星期"", ""一天"", ""一个月"", ""两天""]",3
314,63,4,作者对离开老房子的心情是怎样的？,"[""后悔搬家"", ""有些不舍"", ""非常开心，没有留恋"", ""完全无所谓""]",1
315,63,5,"文章最后作者认为""家""是什么？","[""只是四面墙壁"", ""一种社会地位的象征"", ""一个投资"", ""我们在其中度过的时间本身""]",3
316,64,1,"在""那件小事""发生之前，""我""和邻居的关系是怎样的？","[""几乎没有交流，只是点头打招呼"", ""完全不认识"", ""经常吵架"", ""非常亲密""]",0
317,64,2,"那天晚上""我""遇到了什么麻烦？","[""生病了"", ""迷路了"", ""忘带钥匙，爱人还没到家"", ""手机没电了""]",2
318,64,3,"王阿姨为什么邀请""我""去她家？","[""看到\""我\""不知所措，主动帮忙"", ""因为要一起做饭"", ""因为想借东西"", ""因为要还钱""]",0
319,64,4,从那以后，楼道里发生了什么变化？,"[""邻居之间开始有了更多温暖的互动"", ""大家还是像以前一样疏远"", ""大家搬走了"", ""小区变得更安静了""]",0
320,64,5,这篇文章主要想表达什么？,"[""一个人生活比较好"", ""城市生活让人与人之间无法产生温情"", ""只要愿意迈出一步，邻里之间的温情并不难找到"", ""邻居关系不重要""]",2
321,65,1,"停电发生时，""我""正在做什么？","[""做饭"", ""赶报告"", ""睡觉"", ""看电视""]",1
322,65,2,停电以后，小区居民做了什么？,"[""打电话投诉"", ""立刻搬走了"", ""都待在家里生气"", ""纷纷走出家门，聚在一起聊天""]",3
323,65,3,"""我""和对门邻居聊了什么？","[""只聊了天气"", ""各自的工作、家乡和小时候的回忆"", ""完全没有交流"", ""只是抱怨停电""]",1
324,65,4,停电大概持续了多长时间？,"[""一整晚"", ""三个小时"", ""两天"", ""一个小时""]",1
325,65,5,"这场停电让""我""重新思考了什么？","[""科技的便利可能让人们疏远了真实的联系"", ""应该搬家"", ""应该买发电机"", ""邻居都很讨厌""]",0
326,66,1,"朋友送陶艺体验课的礼券是希望""我""做什么？","[""结交更多朋友"", ""从忙碌中抽身，尝试慢下来"", ""赚更多钱"", ""提高工作效率""]",1
327,66,2,"""我""第一次拉坯时遇到了什么问题？","[""完全没有问题"", ""时间不够"", ""泥团总是变形或塌陷"", ""老师不教""]",2
328,66,3,老师认为陶艺最考验什么？,"[""视力"", ""力气"", ""心态，太急躁泥就会失去平衡"", ""记忆力""]",2
329,66,4,"""我""最终做出的杯子怎么样？","[""非常完美"", ""失败了"", ""卖掉了"", ""虽不完美但完全属于自己""]",3
330,66,5,"陶艺对""我""来说意味着什么？","[""只是一种消遣"", ""一种修心的过程，找回生活节奏"", ""浪费时间的事"", ""赚钱的手艺""]",1
331,67,1,父亲住院的原因是什么？,"[""意外骨折"", ""感冒"", ""手术"", ""心脏病""]",0
332,67,2,"照顾父亲的责任为什么落在""我""身上？","[""\""我\""是家里唯一在同一座城市工作的孩子"", ""\""我\""最有钱"", ""父亲只信任\""我\"""", ""其他家人拒绝了""]",0
333,67,3,"一开始""我""以为照顾父亲只是什么样的辛苦？","[""心理上的"", ""完全没有辛苦"", ""体力上的"", ""经济上的""]",2
334,67,4,"隔壁病床家属提醒""我""什么？","[""要辞职"", ""要先照顾好自己，才有力气照顾别人"", ""要多赚钱"", ""要换医院""]",1
335,67,5,"这段经历让""我""明白了什么道理？","[""照顾家人是自私的表现"", ""不应该照顾生病的家人"", ""照顾别人之前要先照顾好自己"", ""应该请护工，不用自己照顾""]",2
336,68,1,"出发之前，朋友们对""我""独自旅行有什么反应？","[""表示不理解，觉得孤单甚至危险"", ""完全没有反应"", ""都非常支持"", ""要求一起去""]",0
337,68,2,独自旅行的好处是什么？,"[""可以认识更多人"", ""花费更少"", ""更安全"", ""可以完全按照自己的节奏安排行程""]",3
338,68,3,"一开始""我""感到不适应的原因是什么？","[""语言不通"", ""天气不好"", ""迷路了"", ""身边没有熟悉的人，尤其一个人吃饭时""]",3
339,68,4,"渐渐地""我""开始注意到什么？","[""旅行的花费"", ""交通问题"", ""天气变化"", ""平时容易被忽略的细节""]",3
340,68,5,"独自旅行给""我""带来了什么？","[""重新认识自己的机会"", ""只是一段风景"", ""后悔的经历"", ""更多的疲惫""]",0
341,69,1,作者一开始以为带父母旅行会怎么样？,"[""父母会完全不参与"", ""会非常困难"", ""会花很多钱"", ""会很轻松""]",3
342,69,2,在机场，父母表现出什么样的态度？,"[""抱怨行李太重"", ""完全不在意"", ""想要提前回国"", ""格外谨慎，反复确认""]",3
343,69,3,作者一开始对父母反复提问的反应是什么？,"[""很耐心地一一解答"", ""完全没有注意到"", ""有些不耐烦"", ""觉得很有意思""]",2
344,69,4,迷路的时候，父亲是什么反应？,"[""非常生气"", ""一句话也没说"", ""安慰作者，说迷路也是旅行的一部分"", ""责怪作者安排不周""]",2
345,69,5,这次旅行让作者明白了什么？,"[""应该把行程排得更满"", ""以后不会再带父母旅行"", ""父母更在意能否和自己在一起"", ""出国旅行很麻烦""]",2
346,70,1,"""我""这次回到这座城市的原因是什么？","[""搬家"", ""参加同学聚会"", ""出差，有空闲时间"", ""旅游""]",2
347,70,2,学校门口的小面馆现在变成了什么？,"[""一家书店"", ""还在原地"", ""一片空地"", ""一家连锁咖啡店""]",3
348,70,3,哪个地方几乎没有变化？,"[""校门口"", ""商业街"", ""小吃摊"", ""图书馆后面的小树林""]",3
349,70,4,"""我""在小树林里做了什么？","[""坐在长椅上回忆过去"", ""拍照发朋友圈"", ""打电话给朋友"", ""立刻离开了""]",0
350,70,5,"文章最后""我""对这次重游有什么感受？","[""完全没有感觉"", ""后悔回来"", ""觉得一切都很陌生，毫无意义"", ""城市变化很大，但没变的地方格外珍贵""]",3
351,71,1,"""我""是在旅行的第几天迷路的？","[""第三天"", ""第一天"", ""第二天"", ""最后一天""]",0
352,71,2,"""我""迷路以后，为什么无法用地图应用定位？","[""手机坏了"", ""忘记带手机"", ""没有开通当地网络"", ""电量不够""]",2
353,71,3,"""我""向路人问路，得到的反应大多是什么？","[""生气地拒绝"", ""打电话报警"", ""热情地带路"", ""一脸茫然地摇头""]",3
354,71,4,骑自行车的老人做了什么？,"[""只是指了个方向"", ""直接走开了"", ""陪\""我\""走了将近二十分钟，送到地铁站"", ""报了警""]",2
355,71,5,"这次迷路经历最终让""我""体会到了什么？","[""陌生人都不可信"", ""独自旅行太危险，不应该再去"", ""应该一直依赖手机"", ""即使语言不通，人与人之间依然可以通过善意彼此理解""]",3
356,72,1,"""我""参加徒步活动之前，对难度的判断是怎样的？","[""根本没有考虑难度"", ""低估了难度"", ""高估了难度"", ""完全了解，做好了准备""]",1
357,72,2,第二天遇到了什么困难？,"[""队伍走散了"", ""下雨，山路湿滑，队伍产生放弃念头"", ""食物不够"", ""迷路了""]",1
358,72,3,向导在困难时刻做了什么？,"[""自己先走了"", ""放慢脚步鼓励大家，讲解安全走法"", ""什么也没做"", ""直接下令撤退""]",1
359,72,4,"登上最高点时，""我""的感受是怎样的？","[""之前的疲惫和放弃念头都变得微不足道"", ""后悔参加"", ""没有特别的感受"", ""依然很痛苦""]",0
360,72,5,"这次徒步给""我""最重要的收获是什么？","[""坚持下去往往能到达意想不到的高度"", ""只是体力上的锻炼"", ""认识了很多新朋友"", ""以后再也不徒步了""]",0
361,73,1,"""我""从萌生辞职想法到真正行动，犹豫了多久？","[""将近半年"", ""一个月"", ""三年"", ""一个星期""]",0
362,73,2,"让""我""下决心辞职的直接原因是什么？","[""工资太低"", ""家人要求"", ""和经理谈话后感觉可能会一直原地踏步"", ""被公司开除""]",2
363,73,3,"提交辞职信那天，""我""的心情是怎样的？","[""既有轻松感，也有对未知的不安"", ""只有轻松，没有别的感受"", ""非常后悔"", ""完全没有感觉""]",0
364,73,4,离职当天同事做了什么？,"[""立刻换掉了\""我\""的工位"", ""批评\""我\""的决定"", ""没有任何反应"", ""请\""我\""吃饭，希望保持联系""]",3
365,73,5,"这次辞职让""我""明白了什么？","[""应该一直待在同一家公司"", ""真正阻碍改变的往往是自己对\""稳定\""的依恋"", ""换工作是错误的决定"", ""辞职一定会后悔""]",1
366,74,1,"答辩前两个月，""我""的生活状态是怎样的？","[""去旅行放松"", ""完全没有准备"", ""几乎每天泡在图书馆，忙到深夜"", ""十分轻松""]",2
367,74,2,答辩过程中发生了什么意外？,"[""设备出了故障"", ""评审老师问到\""我\""忽略的角度，一时脑子空白"", ""迟到了"", ""完全没有问题""]",1
368,74,3,"答辩结束后，""我""的第一反应是什么？","[""完全没有感觉"", ""马上开始下一个项目"", ""靠在墙边，积压的疲惫涌上来"", ""立刻回家庆祝""]",2
369,74,4,"什么消息让""我""流下了眼泪？","[""\""顺利通过\""的消息"", ""家人的电话"", ""导师批评的消息"", ""朋友的祝贺短信""]",0
370,74,5,"""我""认为整个过程中最难熬的是什么？","[""答辩当天"", ""选题阶段"", ""之前反复推翻重写论文的日子"", ""找工作的过程""]",2
371,75,1,项目初期，团队合作陷入僵局的原因是什么？,"[""工作习惯和沟通方式差异大，意见不合"", ""预算不够"", ""大家能力不够"", ""领导不支持""]",0
372,75,2,"""我""提出了什么解决办法？","[""换掉不合作的同事"", ""向领导投诉"", ""每周安排一次碰头会，公开进度和困难"", ""自己一个人完成项目""]",2
373,75,3,后来团队摸索出的合作方式是怎样的？,"[""重大方向共同决定，执行时信任对方专业判断"", ""所有事情都要开会决定"", ""完全各自独立工作"", ""由一个人独自决定所有事情""]",0
374,75,4,项目最终的结果如何？,"[""失败了"", ""延期了很久"", ""按时完成，效果超出预期"", ""被取消了""]",2
375,75,5,"这次经历让""我""体会到团队合作最大的障碍是什么？","[""能力上的差距"", ""沟通不畅导致的误解"", ""资金不足"", ""时间不够""]",1
376,76,1,作者认为学校和职场最大的不同是什么？,"[""评判标准和对\""犯错\""的态度不同"", ""完全没有不同"", ""穿着要求不同"", ""上课时间不同""]",0
377,76,2,"""我""因为什么事情被客户当面指出错误？","[""没有完成任务"", ""数据核对不仔细，方案出现错误"", ""态度不好"", ""迟到""]",1
378,76,3,"那件事之后，""我""养成了什么习惯？","[""反复检查、主动向前辈请教"", ""辞职"", ""不再工作"", ""换部门""]",0
379,76,4,"""我""发现职场更看重什么？","[""考试成绩"", ""标准答案"", ""学历高低"", ""解决实际问题的能力""]",3
380,76,5,文章认为从校园到职场的转变本质上是什么？,"[""完全没有区别"", ""只是环境的变化"", ""只是薪水的变化"", ""一种思维方式的转变，从被动接受评判到主动负责""]",3
381,77,1,"""我""求职的整个流程持续了多长时间？","[""一个星期"", ""半年"", ""一天"", ""将近一个月""]",3
382,77,2,"""我""收到的拒信内容大致是什么？","[""只说决定录用其他更合适的候选人"", ""邀请\""我\""再来面试"", ""没有任何回复"", ""详细说明了拒绝原因""]",0
383,77,3,"收到拒信后，""我""做了什么？","[""立刻放弃求职"", ""向公司投诉"", ""给面试官发邮件，礼貌询问反馈"", ""什么也没做""]",2
384,77,4,面试官回复的内容说明了什么？,"[""\""我\""能力不足"", ""\""我\""专业能力达标，只是另一位候选人经验更贴合岗位"", ""面试过程有失误"", ""公司决定重新考虑\""我\""""]",1
385,77,5,"这次经历让""我""明白了什么道理？","[""不应该再求职"", ""面试官都不诚实"", ""求职被拒绝一定是能力不足"", ""被拒绝很多时候只是当下不够匹配，应以平常心看待""]",3
386,78,1,"""我""曾经对""一心多用""抱有什么态度？","[""从未尝试过"", ""曾经以此为傲"", ""完全反对"", ""一直持怀疑态度""]",1
387,78,2,那次同时写方案和回复消息的结果是什么？,"[""效率非常高"", ""没有任何问题"", ""方案几乎没有进展，还出现了低级错误"", ""提前完成了任务""]",2
388,78,3,资料中说明人脑真正擅长的是什么？,"[""完全无法处理复杂任务"", ""真正意义上的同时处理多个任务"", ""在不同任务之间快速切换"", ""只能处理简单任务""]",2
389,78,4,频繁切换任务会带来什么后果？,"[""让人更加放松"", ""注意力损耗，效率可能下降"", ""效率一定提高"", ""完全没有影响""]",1
390,78,5,文章最后认为真正的高效在于什么？,"[""依赖他人完成工作"", ""专注地把一件事情做好"", ""同时做尽可能多的事情"", ""完全不做任何计划""]",1
391,79,1,"""我""最初尝试极简生活的原因是什么？","[""受社交媒体流行理念影响"", ""因为经济困难"", ""因为搬家"", ""被朋友强迫""]",0
392,79,2,"清理物品后，""我""最初的感受是怎样的？","[""完全没有变化"", ""感受到前所未有的畅快"", ""更加焦虑"", ""非常后悔""]",1
393,79,3,"""我""后来发现的问题是什么？","[""极简生活完全没有意义"", ""家里变得更乱了"", ""有些处理掉的东西后来又需要重新购买"", ""花了太多钱""]",2
394,79,4,"""我""认为杂乱的真正根源是什么？","[""房子太小"", ""物品数量太多"", ""缺乏对物品的清晰规划和管理习惯"", ""没有时间打扫""]",2
395,79,5,"文章最后""我""对极简生活的看法是什么？","[""比起单纯追求\""少\""，更重要的是清楚自己需要什么"", ""完全不应该追求极简"", ""极简生活毫无价值"", ""应该严格遵循极简标准""]",0
396,80,1,"""我""发现自己平均每天花多长时间在社交媒体上？","[""完全没有使用"", ""一个小时"", ""十分钟"", ""超过四个小时""]",3
397,80,2,"""我""打开社交媒体的原因大多是什么？","[""工作需要"", ""出于习惯性的动作"", ""别人要求"", ""有明确的目的""]",1
398,80,3,"刷完社交媒体后，""我""的感受通常是怎样的？","[""十分放松"", ""非常充实"", ""说不清的空虚和疲惫"", ""完全没有感觉""]",2
399,80,4,"""我""给自己设定了什么规则？","[""每天必须使用社交媒体两小时"", ""吃饭不看手机，睡前一小时把手机放在别的房间"", ""卸载所有社交软件"", ""完全不使用手机""]",1
400,80,5,文章最后认为问题的关键在于什么？,"[""是主动有目的使用，还是被动被填满时间"", ""社交媒体本身是有害的，应该完全避免"", ""应该完全依赖社交媒体获取信息"", ""使用时间越长越好""]",0
401,81,1,"""我""一直以来是什么样的人？","[""经常拖延"", ""典型的完美主义者"", ""从不在意工作质量"", ""做事非常随意""]",1
402,81,2,那次项目延误的原因是什么？,"[""团队人手不够"", ""客户临时改变需求"", ""\""我\""反复纠结一个不算关键的细节"", ""设备出了问题""]",2
403,81,3,"""我""后来反思，所谓的""完美主义""很多时候其实是什么？","[""提高效率的方法"", ""一种美德"", ""对犯错的过度恐惧，一种变相的拖延"", ""真正追求高质量""]",2
404,81,4,"""我""现在的做法是什么？","[""把所有工作都交给别人"", ""先完成大致可用的版本，再逐步调整"", ""依然坚持一次做到完美"", ""完全不再认真对待工作""]",1
405,81,5,文章最后认为什么更重要？,"[""完美比完成更重要"", ""\""完成\""往往比\""完美\""更重要"", ""完全不需要修改"", ""速度不重要，质量最重要""]",1
406,82,1,"""我""对纸质书和电子书的态度分别是怎样的？","[""完全不读纸质书"", ""完全排斥电子书"", ""两者都不喜欢"", ""承认电子书的便利，但偏爱纸质书的阅读体验""]",3
407,82,2,电子书的优点是什么？,"[""携带方便、检索快捷"", ""更容易专注"", ""触感更好"", ""价格更贵""]",0
408,82,3,"""我""认为读纸质书时更容易做到什么？","[""更容易分心"", ""更容易专注，没有消息提示干扰"", ""更节省时间"", ""阅读速度更快""]",1
409,82,4,"""我""认为什么样的书更适合电子版？","[""所有的书"", ""文学作品"", ""没有任何书适合电子版"", ""需要频繁查阅、检索的资料性书籍""]",3
410,82,5,文章最后的观点是什么？,"[""阅读方式不重要"", ""纸质书一定比电子书好"", ""应根据场景选择适合的阅读方式，不必非此即彼"", ""电子书应该被淘汰""]",2
411,83,1,作者认为老家这些年在哪些方面有了明显改善？,"[""基础设施，如道路和网络"", ""医疗水平"", ""完全没有改善"", ""教育水平""]",0
412,83,2,县城教育面临的问题是什么？,"[""学费太贵"", ""没有学校"", ""学生太多"", ""优秀教师纷纷前往大城市，师资力量有限""]",3
413,83,3,农村医疗面临的问题是什么？,"[""完全没有诊所"", ""复杂疾病需要前往城市大医院，耗费时间金钱"", ""医院太多"", ""药品太便宜""]",1
414,83,4,作者的表弟做了什么？,"[""放弃了所学专业"", ""大学毕业后回到县城，帮助家乡农产品打开销路"", ""出国留学"", ""一直留在大城市""]",1
415,83,5,文章最后对城乡差距缩小的态度是怎样的？,"[""认为与年轻人无关"", ""认为已经完全解决"", ""认为不可能实现"", ""认为需要长期投入，但存在希望""]",3
416,84,1,"""先发展、后治理""模式的问题是什么？","[""没有任何问题"", ""居民不满意"", ""环境问题积重难返，治理成本更高"", ""经济发展太慢""]",2
417,84,2,环境污染带来的长期影响是什么？,"[""侵蚀地区可持续发展的根基"", ""完全没有影响"", ""只影响短期经济"", ""只影响个别行业""]",0
418,84,3,一些城市是如何实现转型的？,"[""发展新能源、生态旅游等绿色产业"", ""增加污染排放"", ""依赖政府补贴"", ""完全放弃工业发展""]",0
419,84,4,文章认为环境保护与经济发展的关系是怎样的？,"[""完全无关"", ""并非天然对立，可以协调发展"", ""应该优先经济，忽略环境"", ""天然对立，无法兼顾""]",1
420,84,5,文章最后认为真正可持续的发展应该是怎样的？,"[""完全停止经济发展"", ""以牺牲环境换取经济增长"", ""只依靠传统产业"", ""在保护生态前提下寻找和谐共生的发展路径""]",3
421,85,1,数字化转型给熟练使用智能设备的人带来了什么？,"[""极大的不便"", ""极大的便利"", ""没有任何影响"", ""更多的费用""]",1
422,85,2,外婆遇到了什么困境？,"[""手机被偷"", ""走丢了"", ""不会用医院自助挂号系统，独自徘徊近一小时"", ""生病住院""]",2
423,85,3,"文中提到的""数字鸿沟""指的是什么现象？","[""手机价格太贵"", ""网络信号不好"", ""年轻人不会用智能手机"", ""数字化服务客观上让部分群体陷入新的不便和边缘化""]",3
424,85,4,文章认为只追求效率而忽视群体差异会带来什么后果？,"[""加剧社会不平等"", ""提高社会公平"", ""完全没有影响"", ""让所有人受益""]",0
425,85,5,文章认为真正包容的数字化社会应该是怎样的？,"[""强制所有人使用智能设备"", ""既享受技术便利，也不让任何群体被落下"", ""只为年轻人服务"", ""完全取消数字化服务""]",1
426,86,1,朋友的孩子在学校遇到了什么困难？,"[""交不到朋友的钱"", ""完全没有困难"", ""因发音不标准被同学模仿嘲笑，变得沉默"", ""学习成绩不好""]",2
427,86,2,除了语言，朋友一家还需要适应什么？,"[""交通规则"", ""饮食习惯、社交方式和社会礼仪"", ""天气"", ""完全不需要适应其他事情""]",1
428,86,3,当地社区为新移民提供了什么支持？,"[""强制同化课程"", ""语言互助小组、多元文化交流活动"", ""完全没有支持"", ""只提供经济补助""]",1
429,86,4,朋友一家后来发生了什么变化？,"[""完全没有变化"", ""放弃了自己的文化传统"", ""从格格不入变成了社区的一部分"", ""决定搬回国内""]",2
430,86,5,文章认为多元文化融合应该是怎样的过程？,"[""新移民与当地社会双向理解、彼此接纳的过程"", ""不同文化应该完全隔离"", ""与当地社会无关"", ""移民必须完全同化""]",0
431,87,1,文章开头提出了怎样的矛盾现象？,"[""身处热闹都市却依然感到孤独疏离"", ""社交软件完全无用"", ""人们生活越来越贫困"", ""人们不再需要社交""]",0
432,87,2,文章认为适度的独处有什么好处？,"[""没有任何好处"", ""让人变得更加孤僻"", ""提高工作效率"", ""让人从社交中抽离，面对内心真实想法""]",3
433,87,3,文章认为真正令人困扰的是什么？,"[""被迫的、无法选择的孤立感"", ""独处本身"", ""没有手机"", ""社交太多""]",0
434,87,4,主动选择的独处与被迫的孤立感之间是什么关系？,"[""完全相同"", ""没有任何关系"", ""被迫孤立感更好"", ""有本质上的区别""]",3
435,87,5,文章最后建议人们怎么做？,"[""学着分辨独处的性质，与孤独和平共处"", ""尽量减少社交"", ""完全避免独处"", ""依赖他人填满时间""]",0
436,88,1,文章开头提到的现代社会信条是什么？,"[""效率不重要"", ""时间可以无限延长"", ""时间就是金钱"", ""金钱不重要""]",2
437,88,2,"""我""因为什么被迫慢下来？","[""天气原因"", ""主动选择休假"", ""公司放假"", ""因一场小手术在家休养两个星期""]",3
438,88,3,"休养期间""我""重新注意到了什么？","[""手机里的消息"", ""工作的重要性"", ""社交媒体的动态"", ""光线变化、旧书、和家人的长谈等平日忽略的细节""]",3
439,88,4,"文章认为那些""无所事事""的时刻是怎样的？","[""应该被完全消除"", ""只适合老年人"", ""完全没有价值，是浪费时间"", ""是构成丰盈人生不可或缺的一部分""]",3
440,88,5,文章最后认为真正有意义的时间在于什么？,"[""完成了多少任务"", ""赚了多少钱"", ""被利用得多么彻底"", ""是否清醒地、真正地活在其中""]",3
441,89,1,"心理学观点认为，""后悔""很大程度上来自什么？","[""他人的评价"", ""完全没有原因"", ""选择本身的对错"", ""对\""另一种可能性\""的想象""]",3
442,89,2,人们通常如何想象未曾选择的那条路？,"[""完全不去想象"", ""想象得和现实一样"", ""想象得格外美好，忽略了其困难"", ""想象得非常糟糕""]",2
443,89,3,"""我""是如何走出对职业选择后悔情绪的？","[""咨询了心理医生"", ""得知另一位候选人在那个岗位上也经历了艰难"", ""换了新工作"", ""完全没有走出来""]",1
444,89,4,"文章认为""更好的选择""很多时候是什么？","[""一种自己想象出来的幻影"", ""客观存在的事实"", ""一定比现在的选择好"", ""完全不存在的概念""]",0
445,89,5,文章最后认为真正成熟的态度是什么？,"[""不断后悔过去的选择"", ""执着于分辨哪个选择正确"", ""为选择承担责任，专注走好眼下的路"", ""避免做出任何选择""]",2
446,90,1,"""我""最初对家里的传统仪式持什么态度？","[""完全不了解"", ""非常珍视"", ""强烈反对全家过年"", ""颇不以为然，觉得繁琐无关紧要""]",3
447,90,2,那年简化年夜饭仪式后，全家人的感受是怎样的？,"[""非常开心"", ""完全没有感觉"", ""隐隐觉得少了些什么，仪式感被冲淡"", ""觉得更加轻松，没有任何遗憾""]",2
448,90,3,"""我""后来意识到传统习俗的重要性在于什么？","[""只是为了好看"", ""承载着情感联结，是家族记忆和世代沟通的语言"", ""完全没有意义"", ""只是形式本身""]",1
449,90,4,文章认为传统习俗是否应该一成不变？,"[""应该完全废除"", ""需要随着时代发展作出调整"", ""与时代无关"", ""应该完全不变""]",1
450,90,5,文章最后认为真正值得思考的问题是什么？,"[""该不该保留传统这样非此即彼的问题"", ""传统完全没有价值"", ""现代生活不需要任何仪式"", ""如何在保留传统精神内核的同时，让它适应当下生活""]",3
