level,hanzi,pinyin,meaning_ja
5,变动,biàndòng,変動
5,便利,biànlì,便利
5,便条,biàntiáo,メモ
5,边境,biānjìng,国境
5,编辑,biānjí,編集
5,拜访,bàifǎng,訪問
5,扮演,bànyǎn,演じる
5,报答,bàodá,恩返し
5,报警,bàojǐng,通報
5,抱怨,bàoyuàn,不満
5,拔,bá,抜く
5,辈,bèi,世代
5,被动,bèidòng,受動
5,必,bì,必ず
5,毕竟,bìjìng,結局
5,闭幕,bìmù,閉幕
5,闭幕式,bìmùshì,閉幕式
5,病毒,bìngdú,ウイルス
5,必需,bìxū,必須
5,博客,bókè,ブログ
5,博览会,bólǎnhuì,博覧会
5,薄弱,bóruò,脆弱
5,博物馆,bówùguǎn,博物館
5,不曾,bùcéng,かつてない
5,不敢当,bùgǎndāng,おこがましい
5,不良,bùliáng,悪い、良くない、品質が悪い（形容詞として一般的に使う。日本語の「不良」のような「不良少年・不良品」に限定されたニュアンスではない）
5,不免,bùmiǎn,避けられない
5,不能不,bùnéngbù,どうしても
5,不时,bùshí,時折
5,不停,bùtíng,絶えず
5,部位,bùwèi,部位
5,不许,bùxǔ,禁止
5,不止,bùzhǐ,止まらない
5,不足,bùzú,不足
5,不得了,búdéliǎo,大変なこと
5,不顾,búgù,顧みない
5,不利,búlì,不利
5,不耐烦,búnàifán,苛立ち
5,不幸,búxìng,不幸
5,不易,búyì,容易ではない
5,包围,bāowéi,包囲
5,包装,bāozhuāng,包装
5,悲剧,bēijù,悲劇
5,悲伤,bēishāng,悲しみ
5,北极,běijí,北極
5,本人,běnrén,本人
5,宾馆,bīnguǎn,ホテル
5,玻璃,bōli,ガラス
5,版,bǎn,〜版（例：出版）、版
5,保卫,bǎowèi,防衛
5,保养,bǎoyǎng,メンテナンス
5,彼此,bǐcǐ,互いに
5,比方,bǐfāng,例えば
5,饼,bǐng,ケーキ
5,比重,bǐzhòng,比重
5,补偿,bǔcháng,補償
5,补贴,bǔtiē,補助金
5,创立,chuànglì,設立
5,传达,chuándá,伝達
5,传递,chuándì,伝達する
5,传真,chuánzhēn,ファックス
5,窗帘,chuānglián,カーテン
5,闯,chuǎng,乱入
5,倡导,chàngdǎo,提唱
5,肠,cháng,腸
5,尝,cháng,味わう
5,长度,chángdù,長さ
5,尝试,chángshì,試す
5,长寿,chángshòu,長寿
5,查询,cháxún,検索
5,承办,chéngbàn,主催
5,成本,chéngběn,コスト
5,乘车,chéngchē,乗車
5,成交,chéngjiāo,成約
5,城里,chénglǐ,街中
5,成效,chéngxiào,成果
5,成语,chéngyǔ,成語
5,池子,chízi,池
5,臭,chòu,臭い
5,愁,chóu,憂い
5,除非,chúfēi,～でない限り
5,除夕,chúxī,大晦日
5,叉,chā,フォーク
5,插,chā,挿す
5,差别,chābié,違い
5,拆,chāi,解体
5,拆除,chāichú,解体
5,差距,chājù,差
5,超越,chāoyuè,超越
5,叉子,chāzi,フォーク
5,称号,chēnghào,称号
5,车主,chēzhǔ,車の所有者
5,吃力,chīlì,苦労
5,冲动,chōngdòng,衝動
5,冲突,chōngtū,衝突
5,充足,chōngzú,十分
5,出版,chūbǎn,出版
5,出汗,chūhàn,汗をかく
5,初期,chūqī,初期
5,出于,chūyú,～から
5,场面,chǎngmiàn,場面
5,厂长,chǎngzhǎng,工場長
5,产业,chǎnyè,産業
5,丑,chǒu,醜い（みにくい）
5,处罚,chǔfá,処罰
5,处分,chǔfèn,処分
5,处在,chǔzài,～にある
5,脆,cuì,もろい
5,裁判,cáipàn,審判
5,册,cè,冊子
5,层次,céngcì,レベル
5,辞典,cídiǎn,辞書
5,辞职,cízhí,辞職
5,从而,cóng’ér,それによって
5,寸,cùn,一寸
5,存款,cúnkuǎn,預金
5,猜测,cāicè,推察
5,餐馆,cānguǎn,食堂
5,餐饮,cānyǐn,飲食
5,聪明,cōngming,賢い
5,采购,cǎigòu,調達
5,彩票,cǎipiào,宝くじ
5,草原,cǎoyuán,草原
5,此后,cǐhòu,その後
5,此刻,cǐkè,今この瞬間
5,此时,cǐshí,今この時
5,电池,diànchí,電池
5,电饭锅,diànfànguō,炊飯器
5,电子版,diànzǐbǎn,電子版
5,调动,diàodòng,異動
5,丢,diū,紛失
5,典礼,diǎnlǐ,式典
5,点燃,diǎnrán,点火
5,对立,duìlì,対立
5,对应,duìyìng,対応
5,堆,duī,山積み
5,朵,duǒ,花
5,躲,duǒ,隠れる
5,大都,dàdōu,ほとんど
5,大胆,dàdǎn,大胆
5,大纲,dàgāng,概要
5,大伙儿,dàhuǒr,みんな
5,待,dài,待つ
5,代价,dàijià,代償
5,贷款,dàikuǎn,ローン
5,代理,dàilǐ,代理人
5,带有,dàiyǒu,～を伴う
5,大奖赛,dàjiǎngsài,グランプリ
5,蛋糕,dàngāo,ケーキ
5,大脑,dànǎo,脳
5,道德,dàodé,道徳
5,倒是,dàoshì,むしろ
5,大事,dàshì,重大なこと、大事件（日本語の「大事＝重要」という形容動詞的な使い方より、名詞として「大きな出来事」を指すことが多い）
5,大象,dàxiàng,ゾウ
5,大熊猫,dàxióngmāo,ジャイアントパンダ
5,大于,dàyú,より大きい
5,大致,dàzhì,おおよそ
5,达成,dáchéng,達成
5,答复,dáfù,返答
5,得了,déle,得た
5,得以,déyǐ,～することができた
5,递,dì,手渡す
5,地带,dìdài,地域
5,递给,dìgěi,式典
5,地形,dìxíng,地形
5,地震,dìzhèn,地震
5,冻,dòng,凍結
5,洞,dòng,穴
5,动机,dòngjī,動機
5,动手,dòngshǒu,着手
5,动态,dòngtài,動向
5,动员,dòngyuán,動員
5,豆制品,dòuzhìpǐn,豆製品
5,毒,dú,毒
5,呆,dāi,ぼんやり
5,当场,dāngchǎng,その場
5,当代,dāngdài,現代
5,当年,dāngnián,当時
5,当前,dāngqián,現在
5,当选,dāngxuǎn,当選
5,单一,dānyī,単一
5,等候,děnghòu,待つ
5,等级,děngjí,等級
5,吨,dūn,トン
5,打,dǎ,〜から（起点を表す前置詞、例：打这儿走）
5,打扮,dǎban,身だしなみ
5,打包,dǎbāo,梱包
5,打架,dǎjià,喧嘩
5,打击,dǎjī,打撃
5,胆,dǎn,度胸
5,挡,dǎng,防ぐ
5,胆小,dǎnxiǎo,臆病
5,放大,fàngdà,拡大
5,罚,fá,罰
5,罚款,fákuǎn,罰金
5,防治,fángzhì,予防・対策
5,繁荣,fánróng,繁栄
5,附件,fùjiàn,添付ファイル
5,扶,fú,支援
5,服从,fúcóng,服従
5,幅度,fúdù,振幅
5,福利,fúlì,福利
5,发布,fābù,発表
5,发觉,fājué,発見
5,发射,fāshè,発射
5,发行,fāxíng,発行
5,分成,fēnchéng,分割
5,封,fēng,封をする、閉じる（動詞用法）
5,疯,fēng,狂気
5,风度,fēngdù,品格
5,风光,fēngguāng,風光明媚
5,疯狂,fēngkuáng,狂乱
5,丰收,fēngshōu,豊作
5,分解,fēnjiě,分解
5,分类,fēnlèi,分類
5,分离,fēnlí,分離
5,分享,fēnxiǎng,共有
5,分析,fēnxī,分析
5,法规,fǎguī,法規
5,返回,fǎnhuí,戻る
5,法制,fǎzhì,法制
5,辅助,fǔzhù,補助
5,怪,guài,責める、とがめる（動詞用法）
5,冠军,guànjūn,チャンピオン
5,柜子,guìzi,戸棚
5,过度,guòdù,過度
5,过敏,guòmǐn,アレルギー
5,过于,guòyú,過度に
5,国民,guómín,国民
5,光荣,guāngróng,栄光
5,光线,guāngxiàn,光線
5,关怀,guānhuái,思いやり
5,规划,guīhuà,計画
5,锅,guō,鍋
5,广,guǎng,広
5,广泛,guǎngfàn,広範囲
5,鬼,guǐ,幽霊
5,个儿,gèr,一人
5,隔壁,gébì,隣
5,共计,gòngjì,合計
5,共享,gòngxiǎng,共有
5,顾问,gùwèn,顧問
5,干脆,gāncuì,きっぱり
5,钢笔,gāngbǐ,万年筆
5,干扰,gānrǎo,干渉
5,干预,gānyù,介入
5,高大,gāodà,背が高い
5,高度,gāodù,高さ
5,高跟鞋,gāogēnxié,ハイヒール
5,高原,gāoyuán,高原
5,更换,gēnghuàn,交換
5,更新,gēngxīn,更新
5,跟前,gēnqián,目の前
5,跟随,gēnsuí,従う
5,歌曲,gēqǔ,歌
5,公告,gōnggào,告知
5,公认,gōngrèn,公認
5,公式,gōngshì,公式（数式・計算式の意味が中心。日本語の「公式（＝official）」の意味は薄い）
5,工艺,gōngyì,技術
5,公正,gōngzhèng,公正
5,工作日,gōngzuòrì,平日
5,沟,gōu,溝
5,沟通,gōutōng,コミュニケーション
5,改革,gǎigé,改革
5,感想,gǎnxiǎng,感想
5,搞,gǎo,やる
5,搞好,gǎohǎo,しっかり
5,鼓,gǔ,太鼓
5,古老,gǔlǎo,古くからの
5,滚,gǔn,転がる
5,鼓掌,gǔzhǎng,拍手
5,划分,huàfēn,区分
5,画面,huàmiàn,画面
5,化石,huàshí,化石
5,滑,huá,滑る
5,环节,huánjié,段階
5,华语,huáyǔ,中国語
5,汇款,huìkuǎn,送金
5,会谈,huìtán,会談
5,回报,huíbào,見返り
5,回避,huíbì,回避
5,回顾,huígù,振り返り
5,回收,huíshōu,回収
5,回头,huítóu,振り返る
5,或是,huòshì,あるいは
5,活力,huólì,活力
5,慌,huāng,慌て
5,慌忙,huāngmáng,慌ただしい
5,恢复,huīfù,回復
5,灰色,huīsè,灰色
5,火柴,huǒchái,マッチ
5,火腿,huǒtuǐ,ハム
5,火灾,huǒzāi,火災
5,害,hài,害、害する
5,号召,hàozhào,呼びかけ
5,贺卡,hèkǎ,グリーティングカード
5,恨,hèn,恨み
5,盒,hé,箱
5,合并,hébìng,合併
5,合成,héchéng,合成
5,盒饭,héfàn,弁当
5,猴,hóu,猿
5,胡同儿,hútòngr,路地
5,胡子,húzi,ひげ
5,好运,hǎoyùn,幸運
5,虎,hǔ,虎
5,价,jià,価格
5,键,jiàn,キー
5,间接,jiànjiē,間接的な
5,键盘,jiànpán,キーボード
5,健全,jiànquán,健全な
5,建筑,jiànzhù,建築
5,建造,jiànzào,建設
5,驾驶,jiàshǐ,運転
5,驾照,jiàzhào,運転免許
5,戒,jiè,戒律
5,届,jiè,任期
5,救灾,jiùzāi,災害救援
5,夹,jiā,挟む
5,肩,jiān,肩
5,坚定,jiāndìng,確固たる
5,艰苦,jiānkǔ,過酷な
5,艰难,jiānnán,困難な
5,交代,jiāodài,説明
5,胶带,jiāodài,テープ
5,胶水,jiāoshuǐ,接着剤
5,加热,jiārè,加熱
5,加速,jiāsù,加速
5,加以,jiāyǐ,さらに
5,接触,jiēchù,接触
5,接连,jiēlián,連続
5,解除,jiěchú,解除
5,解放,jiěfàng,解放
5,甲,jiǎ,甲（第一位、または甲殻）
5,剪,jiǎn,切る
5,剪刀,jiǎndāo,はさみ
5,奖励,jiǎnglì,報酬
5,检验,jiǎnyàn,検査
5,剪子,jiǎnzi,ハサミ
5,脚步,jiǎobù,足音
5,酒鬼,jiǔguǐ,酒飲み
5,决不,juébù,決して
5,绝望,juéwàng,絶望
5,继承,jìchéng,継承
5,竞赛,jìngsài,競技
5,进化,jìnhuà,進化
5,近来,jìnlái,最近
5,技能,jìnéng,スキル
5,记忆,jìyì,記憶
5,集团,jítuán,グループ
5,剧本,jùběn,脚本
5,俱乐部,jùlèbù,クラブ
5,局面,júmiàn,情勢
5,局长,júzhǎng,局長
5,基地,jīdì,基地、拠点（軍事に限らず、研究・生産拠点なども広く指す）
5,基金,jījīn,基金、ファンド
5,经费,jīngfèi,経費
5,今日,jīnrì,今日
5,机器人,jīqìrén,ロボット
5,肌肉,jīròu,筋肉
5,机制,jīzhì,メカニズム
5,军人,jūnrén,軍人
5,居然,jūrán,まさか
5,挤,jǐ,押し込む
5,警告,jǐnggào,警告
5,景象,jǐngxiàng,光景
5,紧紧,jǐnjǐn,しっかりと
5,尽可能,jǐnkěnéng,できる限り
5,举动,jǔdòng,行動
5,快活,kuàihuo,陽気
5,狂,kuáng,狂気
5,宽度,kuāndù,幅
5,亏,kuī,損失
5,看成,kànchéng,～と見なす
5,看出,kànchū,～と見る
5,看待,kàndài,～と捉える
5,靠近,kàojìn,近づく
5,客户,kèhù,顧客
5,课题,kètí,課題
5,控制,kòngzhì,制御
5,库,kù,倉庫
5,困扰,kùnrǎo,悩み
5,开幕,kāimù,開幕
5,开幕式,kāimùshì,開会式
5,颗,kē,粒
5,可,kě,〜できる、可能である（例：可以の可）
5,可怜,kělián,哀れ
5,渴望,kěwàng,渇望
5,空中,kōngzhōng,空中
5,考核,kǎohé,評価
5,烤肉,kǎoròu,焼肉
5,烤鸭,kǎoyā,北京ダック
5,口号,kǒuhào,スローガン
5,恋爱,liàn’ài,恋愛
5,连接,liánjiē,接続
5,联络,liánluò,連絡
5,联想,liánxiǎng,連想
5,流动,liúdòng,流動
5,流通,liútōng,流通
5,两岸,liǎngàn,両岸
5,脸盆,liǎnpén,洗面器
5,脸色,liǎnsè,顔色
5,落实,luòshí,実行
5,逻辑,luóji,論理
5,落,là,置き忘れる、抜け落ちる、取り残す（第四声 luò「落ちる」とは別の読み）
5,烂,làn,腐った
5,来信,láixìn,手紙
5,劳动,láodòng,労働
5,立,lì,立つ
5,立场,lìchǎng,立場
5,令,lìng,命令する、〜させる（使役）
5,利润,lìrùn,利益
5,例外,lìwài,例外
5,梨,lí,梨
5,铃,líng,鈴
5,铃声,língshēng,鈴の音
5,邻居,línjū,隣人
5,漏,lòu,漏れ
5,漏洞,lòudòng,抜け穴
5,朗读,lǎngdú,朗読
5,礼,lǐ,礼、礼儀、贈り物
5,礼拜,lǐbài,礼拝
5,领带,lǐngdài,ネクタイ
5,面貌,miànmào,様子
5,面子,miànzi,体面
5,骂,mà,罵る
5,漫长,màncháng,長い
5,漫画,mànhuà,漫画
5,冒,mào,冒す、（危険を）おかす
5,贸易,màoyì,貿易
5,毛笔,máobǐ,筆
5,矛盾,máodùn,矛盾
5,煤,méi,石炭
5,煤气,méiqì,ガス
5,门诊,ménzhěn,外来診療
5,命令,mìnglìng,命令
5,明亮,míngliàng,明るい
5,明明,míngmíng,明らかに
5,迷人,mírén,魅力的な
5,迷信,míxìn,迷信
5,摩擦,mócā,摩擦
5,模范,mófàn,模範
5,模仿,mófǎng,模倣
5,模糊,móhu,ぼやけ
5,模式,móshì,パターン
5,摩托,mótuō,バイク
5,目光,mùguāng,視線
5,模样,múyàng,姿
5,买卖,mǎimài,売買
5,码头,mǎtóu,埠頭
5,敏感,mǐngǎn,敏感
5,年度,niándù,年度
5,年前,niánqián,数年前
5,牛,niú,すごい、やり手だ（俗語・形容詞用法）
5,牛仔裤,niúzǎikù,ジーンズ
5,暖,nuǎn,暖かい
5,南北,nánběi,南北
5,难得,nándé,めったにない
5,南极,nánjí,南極
5,难以,nányǐ,難しい
5,内在,nèizài,内面
5,能量,néngliàng,エネルギー
5,农产品,nóngchǎnpǐn,農産物
5,脑子,nǎozi,頭
5,骗,piàn,だます
5,骗子,piànzi,詐欺師
5,排除,páichú,除外
5,旁,páng,傍ら
5,配备,pèibèi,装備
5,配套,pèitào,セット
5,赔,péi,賠償
5,赔偿,péicháng,補償
5,盆,pén,洗面器
5,频道,píndào,チャンネル
5,频繁,pínfán,頻繁
5,凭,píng,～に基づいて
5,评估,pínggū,評価する
5,评论,pínglùn,論評、コメント
5,平坦,píngtǎn,平坦な
5,平原,píngyuán,平原
5,拍摄,pāishè,撮影
5,喷,pēn,噴射
5,披,pī,羽織る
5,拼,pīn,つなぎ合わせる、力を尽くす
5,泼,pō,まく、浴びせる
5,匹,pǐ,（馬・布などを数える）量詞
5,品,pǐn,品物
5,品,pǐn,〜品（名詞に付く用法、例：工艺品＝工芸品）
5,品种,pǐnzhǒng,品種
5,欠,qiàn,不足
5,墙壁,qiángbì,壁
5,强度,qiángdù,強度
5,前景,qiánjǐng,見通し
5,前提,qiántí,前提
5,瞧,qiáo,見て
5,签,qiān,署名する、サインする（動詞用法）
5,签订,qiāndìng,締結
5,枪,qiāng,銃
5,签名,qiānmíng,署名
5,签约,qiānyuē,契約
5,签字,qiānzì,署名
5,敲门,qiāomén,ドアをノックする
5,悄悄,qiāoqiāo,こっそり
5,抢,qiǎng,奪う
5,抢救,qiǎngjiù,救助
5,强迫,qiǎngpò,強制
5,劝,quàn,説得
5,泉,quán,泉
5,全世界,quánshìjiè,全世界
5,确立,quèlì,確立
5,缺乏,quēfá,欠如
5,气体,qìtǐ,気体
5,气象,qìxiàng,気象
5,其,qí,その
5,勤奋,qínfèn,勤勉
5,情节,qíngjié,筋書き
5,晴朗,qínglǎng,晴れ
5,情形,qíngxíng,状況
5,齐全,qíquán,揃っている
5,群体,qúntǐ,集団
5,群众,qúnzhòng,大衆
5,青,qīng,青、青緑色（また「若い」の意も、例：青年）
5,清晨,qīngchén,早朝
5,清理,qīnglǐ,片付ける
5,期望,qīwàng,期待
5,区域,qūyù,地域
5,启动,qǐdòng,起動
5,启发,qǐfā,啓発
5,起码,qǐmǎ,少なくとも
5,启事,qǐshì,告知
5,软,ruǎn,ソフト
5,软件,ruǎnjiàn,ソフトウェア
5,绕,rào,絡まる
5,热量,rèliàng,熱量
5,热门,rèmén,人気
5,认,rèn,認める
5,认定,rèndìng,認定する
5,仍旧,réngjiù,相変わらず
5,人间,rénjiān,人間界
5,人力,rénlì,人力
5,人士,rénshì,関係者
5,人物,rénwù,人物
5,入门,rùmén,入門
5,如此,rúcǐ,そのように
5,如同,rútóng,～のように
5,如下,rúxià,以下の通り
5,忍,rěn,忍耐
5,忍不住,rěnbuzhù,我慢できない
5,忍受,rěnshòu,耐える
5,染,rǎn,染まる
5,率领,shuàilǐng,率いる
5,睡眠,shuìmián,睡眠
5,摔,shuāi,転ぶ
5,摔倒,shuāidǎo,転倒
5,双手,shuāngshǒu,両手
5,水产品,shuǐchǎnpǐn,水産物
5,水分,shuǐfèn,水分
5,水库,shuǐkù,貯水池
5,水灾,shuǐzāi,水害
5,扇,shàn,扇子
5,上级,shàngjí,上下
5,上下,shàngxià,上昇
5,上涨,shàngzhǎng,上昇
5,扇子,shànzi,商標
5,社,shè,〜社（組織・団体を表す語、例：报社＝新聞社）
5,射,shè,射る、発射する（動詞用法）
5,射击,shèjī,射撃
5,胜负,shèngfù,勝敗
5,剩下,shèngxià,残った
5,社区,shèqū,コミュニティ
5,摄像,shèxiàng,撮影
5,摄像机,shèxiàngjī,カメラ
5,设想,shèxiǎng,想定
5,摄影,shèyǐng,写真
5,摄影师,shèyǐngshī,写真家
5,蛇,shé,蛇
5,神,shén,神
5,神经,shénjīng,神経
5,神奇,shénqí,不思議
5,神情,shénqíng,表情
5,式,shì,式、〜式（儀式・形式・数式）
5,示范,shìfàn,模範
5,势力,shìlì,勢力
5,试图,shìtú,試みる
5,视为,shìwéi,見なす
5,拾,shí,拾う
5,时常,shícháng,しばしば
5,时光,shíguāng,時間
5,实惠,shíhuì,実益
5,时机,shíjī,好機
5,时事,shíshì,時事
5,十足,shízú,十分
5,瘦,shòu,痩せた
5,寿司,shòusī,寿司
5,受灾,shòuzāi,被災
5,数目,shùmù,数
5,杀,shā,ウイルス対策
5,杀毒,shādú,砂漠
5,沙漠,shāmò,愚か
5,扇,shān,あおぐ、扇ぐ（動詞用法。名詞「扇子」はshànと読む別項目）
5,商标,shāngbiāo,上級
5,山区,shānqū,扇
5,伸,shēn,伸ばす
5,深处,shēnchù,奥深く
5,深度,shēndù,深さ
5,声,shēng,声
5,生成,shēngchéng,生成
5,升高,shēnggāo,上昇
5,舍不得,shěbude,惜しい
5,舍得,shěde,惜しまない
5,诗歌,shīgē,詩
5,失误,shīwù,ミス
5,收购,shōugòu,買収
5,收集,shōují,収集
5,输出,shūchū,出力
5,蔬菜,shūcài,野菜
5,书法,shūfǎ,書道
5,书柜,shūguì,本棚
5,书桌,shūzhuō,机
5,傻,shǎ,山間部
5,使得,shǐde,～させる
5,手段,shǒuduàn,手段
5,手法,shǒufǎ,手法
5,鼠,shǔ,ネズミ
5,鼠标,shǔbiāo,マウス
5,碎,suì,損傷
5,岁月,suìyuè,砕ける
5,随后,suíhòu,その後
5,随意,suíyì,気ままに
5,酸甜苦辣,suāntiánkǔlà,酸・甘・苦・辛
5,锁,suǒ,台風
5,所在,suǒzài,鍵
5,四周,sìzhōu,周囲
5,宿舍,sùshè,寮
5,私人,sīrén,個人
5,思维,sīwéi,思考
5,搜,sōu,探す
5,搜索,sōusuǒ,検索
5,洒,sǎ,散
5,散,sǎn,散文
5,散文,sǎnwén,殺
5,损害,sǔnhài,損失
5,损失,sǔnshī,場所
5,调节,tiáojié,調整
5,调解,tiáojiě,調停
5,天才,tiāncái,天才
5,天然气,tiānránqì,天然ガス
5,天文,tiānwén,天文
5,团长,tuánzhǎng,団長
5,推行,tuīxíng,推進
5,脱离,tuōlí,離脱
5,太空,tàikōng,宇宙、大気圏外
5,台风,táifēng,持ち上げる
5,逃,táo,逃げる
5,桃,táo,桃
5,桃花,táohuā,桃の花
5,逃跑,táopǎo,逃げ出す
5,桃树,táoshù,桃の木
5,逃走,táozǒu,逃走する
5,特定,tèdìng,特定の
5,特性,tèxìng,特性
5,特有,tèyǒu,特有
5,提倡,tíchàng,提唱
5,题材,tícái,題材
5,停留,tíngliú,滞在
5,提起,tíqǐ,話題に出す、持ち出す（また「提起する」の意も、例：提起诉讼＝訴訟を起こす）
5,提示,tíshì,ヒント
5,吐,tù,吐く
5,兔,tù,ウサギ
5,厅,tīng,ホール
5,通用,tōngyòng,汎用
5,偷,tōu,盗む
5,偷偷,tōutōu,こっそり
5,突破,tūpò,突破
5,体积,tǐjī,体積
5,体力,tǐlì,体力
5,吐,tǔ,吐く
5,土豆,tǔdòu,ジャガイモ
5,外界,wàijiè,外界
5,完了,wánle,終わった
5,胃,wèi,胃
5,慰问,wèiwèn,慰問
5,卫星,wèixīng,衛星
5,违法,wéifǎ,違法
5,违反,wéifǎn,違反
5,违规,wéiguī,規則違反
5,为难,wéinán,困惑
5,为期,wéiqī,期間
5,围绕,wéirào,巡る
5,唯一,wéiyī,唯一
5,为止,wéizhǐ,まで
5,为主,wéizhǔ,中心
5,文艺,wényì,文芸
5,握,wò,握る
5,卧室,wòshì,寝室
5,物价,wùjià,物価
5,误解,wùjiě,誤解
5,物业,wùyè,不動産
5,物质,wùzhì,物質
5,无奈,wúnài,仕方なく
5,无疑,wúyí,間違いなく
5,微博,wēibó,ウェイボー
5,温和,wēnhé,穏やか
5,委托,wěituō,委託
5,屋,wū,家
5,污水,wūshuǐ,汚水
5,舞,wǔ,踊り
5,吓,xià,怖がらせる
5,献,xiàn,捧げる
5,向导,xiàngdǎo,ガイド
5,向前,xiàngqián,前へ
5,相声,xiàngsheng,相声（シャンション）、漫才に似た中国の伝統的な掛け合い話芸
5,向上,xiàngshàng,上へ
5,象征,xiàngzhēng,象徴
5,线索,xiànsuǒ,手がかり
5,现状,xiànzhuàng,現状
5,闲,xián,暇
5,斜,xié,斜め
5,协议,xiéyì,協定
5,协议书,xiéyìshū,協定書
5,雄伟,xióngwěi,雄大
5,乡,xiāng,郷
5,香肠,xiāngcháng,ソーセージ
5,乡村,xiāngcūn,田舎
5,相等,xiāngděng,等しい
5,相应,xiāngyìng,相応の
5,先后,xiānhòu,前後
5,先前,xiānqián,以前
5,鲜艳,xiānyàn,鮮やか
5,消除,xiāochú,消去
5,消毒,xiāodú,消毒
5,消防,xiāofáng,消防
5,消费者,xiāofèizhě,消費者
5,消极,xiāojí,消極的
5,歇,xiē,休憩
5,修复,xiūfù,修復
5,修建,xiūjiàn,建設
5,休闲,xiūxián,レジャー
5,修养,xiūyǎng,修養
5,显,xiǎn,顕著
5,享受,xiǎngshòu,楽しむ
5,小偷儿,xiǎotōur,泥棒
5,学科,xuékē,学科
5,学位,xuéwèi,学位
5,学者,xuézhě,学者
5,选修,xuǎnxiū,選択科目
5,戏,xì,芝居
5,戏剧,xìjù,演劇
5,性能,xìngnéng,性能
5,信念,xìnniàn,信念
5,信箱,xìnxiāng,メールボックス
5,行驶,xíngshǐ,走行
5,形态,xíngtài,形態
5,寻求,xúnqiú,探求
5,询问,xúnwèn,問い合わせ
5,欣赏,xīnshǎng,鑑賞
5,心态,xīntài,心構え
5,心疼,xīnténg,胸が痛む
5,西装,xīzhuāng,スーツ
5,虚心,xūxīn,謙虚
5,喜剧,xǐjù,コメディ
5,许可,xǔkě,許可
5,怨,yuàn,怨み
5,愿,yuàn,願い
5,元旦,yuándàn,元旦
5,园林,yuánlín,庭園
5,原理,yuánlǐ,原理
5,原始,yuánshǐ,原始的な
5,原先,yuánxiān,もともと
5,原有,yuányǒu,元々
5,阅览室,yuèlǎnshì,閲覧室
5,月球,yuèqiú,月
5,约束,yuēshù,制約
5,远处,yuǎnchù,遠く
5,亚军,yàjūn,準優勝
5,研究所,yánjiūsuǒ,研究所、研究機関
5,严厉,yánlì,厳格
5,延伸,yánshēn,拡大
5,严肃,yánsù,厳粛
5,言语,yányǔ,言葉
5,摇头,yáotóu,首を振る
5,夜间,yèjiān,夜間
5,业务,yèwù,業務
5,一口气,yìkǒuqì,一気に
5,硬,yìng,硬い
5,硬件,yìngjiàn,ハードウェア
5,印刷,yìnshuā,印刷
5,意识,yìshí,意識
5,一身,yìshēn,全身
5,意味着,yìwèizhe,意味する
5,意志,yìzhì,意志
5,一辈子,yíbèizi,一生
5,一带,yídài,一帯
5,一旦,yídàn,ひとたび
5,一句话,yíjùhuà,一言
5,一路,yílù,ずっと
5,一向,yíxiàng,一貫して
5,一下子,yíxiàzi,一気に
5,用不着,yòngbùzháo,必要ない
5,用户,yònghù,ユーザー
5,由此,yóucǐ,それゆえ
5,犹豫,yóuyù,躊躇
5,游泳池,yóuyǒngchí,プール
5,预备,yùbèi,準備
5,运,yùn,運
5,运行,yùnxíng,運行
5,预期,yùqī,予想
5,押金,yājīn,保証金
5,鸭子,yāzi,アヒル
5,也好,yěhǎo,まあいいか
5,依法,yīfǎ,法に基づき
5,依旧,yījiù,相変わらず
5,依据,yījù,根拠
5,一流,yīliú,一流
5,应,yīng,～すべき
5,因而,yīn’ér,したがって
5,依照,yīzhào,従って
5,拥抱,yōngbào,抱擁
5,拥有,yōngyǒu,所有
5,优惠,yōuhuì,割引
5,优先,yōuxiān,優先
5,眼光,yǎnguāng,見識
5,咬,yǎo,噛む
5,乙,yǐ,乙（第二位）
5,以便,yǐbiàn,～するために
5,饮料,yǐnliào,飲み物
5,饮食,yǐnshí,飲食
5,以往,yǐwǎng,これまで
5,有毒,yǒudú,有毒
5,有害,yǒuhài,有害
5,有力,yǒulì,力強い
5,有利于,yǒulìyú,有益
5,羽毛球,yǔmáoqiú,バドミントン
5,羽绒服,yǔróngfú,ダウンジャケット
5,雨水,yǔshuǐ,雨水
5,撞,zhuàng,衝突
5,装饰,zhuāngshì,装飾
5,专辑,zhuānjí,アルバム
5,专利,zhuānlì,特許
5,转化,zhuǎnhuà,転換
5,转换,zhuǎnhuàn,変換
5,转让,zhuǎnràng,譲渡
5,转向,zhuǎnxiàng,転換
5,占领,zhànlǐng,占領
5,占有,zhànyǒu,占める、占有する（日本語の「占有」より日常的に広く使う）
5,振动,zhèndòng,振動
5,挣,zhèng,稼ぐ
5,正版,zhèngbǎn,正規版
5,正规,zhèngguī,正規の
5,挣钱,zhèngqián,お金を稼ぐ
5,正如,zhèngrú,まさに
5,证实,zhèngshí,立証
5,证书,zhèngshū,証明書
5,正义,zhèngyì,正義
5,震惊,zhènjīng,衝撃
5,至,zhì,至る、〜に至るまで（動詞・前置詞的用法）
5,制成,zhìchéng,製造
5,治理,zhìlǐ,統治
5,制约,zhìyuē,制約
5,治安,zhì’ān,治安
5,值班,zhíbān,当直
5,职能,zhínéng,職能
5,职位,zhíwèi,役職
5,职务,zhíwù,職務
5,直线,zhíxiàn,直線
5,执行,zhíxíng,実行
5,众多,zhòngduō,多数
5,中毒,zhòngdú,中毒になる、（食べ物に）あたる（また「（コンピューターが）ウイルスに感染する」の意でも使う）
5,注册,zhùcè,登録
5,助理,zhùlǐ,アシスタント（職名・役職）
5,注射,zhùshè,注射
5,注视,zhùshì,注視
5,助手,zhùshǒu,アシスタント（作業の補助）
5,注重,zhùzhòng,重視
5,竹子,zhúzi,竹
5,摘,zhāi,摘む、摘み取る（動詞用法）
5,招生,zhāoshēng,学生募集
5,招手,zhāoshǒu,手を振る
5,真诚,zhēnchéng,誠実
5,珍贵,zhēnguì,貴重な
5,争议,zhēngyì,論争
5,真理,zhēnlǐ,真理
5,真相,zhēnxiàng,真相
5,珍惜,zhēnxī,大切にする
5,珍珠,zhēnzhū,真珠
5,诊断,zhěnduàn,診断
5,支出,zhīchū,支出
5,之内,zhīnèi,～以内
5,支配,zhīpèi,支配する（また「（感情・時間を）コントロールする」の意でも使う）
5,之外,zhīwài,～以外
5,之下,zhīxià,～の下
5,终点,zhōngdiǎn,終点
5,中断,zhōngduàn,中断
5,中秋节,zhōngqiūjié,中秋節
5,终身,zhōngshēn,終身
5,中药,zhōngyào,漢方薬
5,中央,zhōngyāng,中央
5,终止,zhōngzhǐ,終了
5,周期,zhōuqī,周期
5,涨,zhǎng,上昇
5,涨价,zhǎngjià,値上げ
5,掌握,zhǎngwò,把握
5,展览,zhǎnlǎn,展覧会
5,展示,zhǎnshì,展示する、見せる（また「（能力などを）発揮する」の意でも使う）
5,展现,zhǎnxiàn,披露
5,指标,zhǐbiāo,指標
5,只不过,zhǐbúguò,ただ
5,指甲,zhǐjia,爪
5,只见,zhǐjiàn,ただ見られる
5,指示,zhǐshì,指示する（動詞用法が非常によく使われる）、指示
5,指责,zhǐzé,非難
5,主办,zhǔbàn,主催
5,主导,zhǔdǎo,主導
5,主观,zhǔguān,主観
5,主管,zhǔguǎn,主管する（動詞）、責任者・担当者（名詞、例：部門のマネージャー）
5,主体,zhǔtǐ,主体
5,醉,zuì,酔い
5,在场,zàichǎng,現場
5,在内,zàinèi,内部
5,再也,zàiyě,二度と
5,赠,zèng,贈
5,赠送,zèngsòng,贈呈
5,自豪,zìháo,誇り
5,自杀,zìshā,自殺
5,自愿,zìyuàn,自発的
5,灾,zāi,災
5,灾害,zāihài,災害
5,灾难,zāinàn,大災害
5,灾区,zāiqū,被災地
5,糟,zāo,ひどい
5,糟糕,zāogāo,最悪
5,增,zēng,増
5,增产,zēngchǎn,増産
5,增多,zēngduō,増加
5,增大,zēngdà,拡大
5,增强,zēngqiáng,強化
5,资本,zīběn,資本
5,资产,zīchǎn,資産
5,资助,zīzhù,助成
5,尊敬,zūnjìng,敬意
5,遵守,zūnshǒu,遵守
5,早期,zǎoqī,初期
5,紫,zǐ,紫
5,子弹,zǐdàn,弾丸
5,总裁,zǒngcái,社長
5,总数,zǒngshù,合計
5,总算,zǒngsuàn,ようやく
5,总体,zǒngtǐ,全体
5,组织,zǔzhī,組織
5,阻碍,zǔ’ài,妨げ
5,岸,àn,岸、岸辺
5,按摩,ànmó,マッサージ
5,岸上,ànshàng,岸辺
5,二维码,èrwéimǎ,QRコード
5,儿女,érnǚ,子供
5,安慰,ānwèi,慰め
5,耳朵,ěrduo,耳
5,偶然,ǒurán,偶然
5,偶像,ǒuxiàng,アイドル
6,便,biàn,便利
6,遍地,biàndì,至る所
6,变更,biàngēng,変更
6,变换,biànhuàn,変換
6,便是,biànshì,つまり
6,变形,biànxíng,変形
6,边缘,biānyuán,端
6,编制,biānzhì,編成
6,扁,biǎn,平ら
6,表面上,biǎomiànshàng,表面的には
6,罢工,bàgōng,ストライキ
6,罢了,bàle,もういい
6,傍晚,bàngwǎn,夕方
6,半决赛,bànjuésài,準決勝
6,办事处,bànshìchù,事務所
6,办学,bànxué,学校運営
6,爆,bào,爆発
6,爆发,bàofā,発生
6,暴风雨,bàofēngyǔ,嵐
6,报刊,bàokān,新聞・雑誌
6,暴力,bàolì,暴力
6,暴露,bàolù,さらす、露出する、明らかになる（また日本語同様「（秘密を）暴露する」の意でも使う）
6,暴雨,bàoyǔ,豪雨
6,爆炸,bàozhà,爆発
6,白领,báilǐng,ホワイトカラー
6,被告,bèigào,被告
6,背心,bèixīn,ベスト
6,背着,bèizhe,背負って
6,闭,bì,閉
6,必将,bìjiāng,必ず
6,病房,bìngfáng,病室
6,病情,bìngqíng,病状
6,必修,bìxiū,必修
6,不成,bùchéng,うまくいかない
6,部队,bùduì,部隊
6,不禁,bùjīn,思わず
6,不仅仅,bùjǐnjǐn,ただそれだけではない
6,布满,bùmǎn,満ちている
6,不通,bùtōng,通じない
6,不值,bùzhí,価値がない
6,不怎么,bùzěnme,あまり
6,不怎么样,bùzěnmeyàng,大したことない
6,不见,bújiàn,見えない
6,不料,búliào,まさか
6,不至于,búzhìyú,そこまでではない
6,不再,búzài,もう二度と
6,悲惨,bēicǎn,悲惨
6,奔跑,bēnpǎo,走る
6,本,běn,この、元々（代名詞・副詞用法、例：本人・本来）
6,本地,běndì,地元
6,本期,běnqī,今期
6,本身,běnshēn,それ自体
6,本土,běntǔ,本土、現地（文脈により指す範囲が変わる場合がある）
6,本质,běnzhì,本質
6,逼,bī,迫る
6,播,bō,放送
6,波动,bōdòng,変動
6,拨打,bōdǎ,電話をかける
6,波浪,bōlàng,波
6,百分点,bǎifēndiǎn,パーセントポイント
6,保健,bǎojiàn,保健
6,捕,bǔ,捕まえる
6,补课,bǔkè,補講
6,补考,bǔkǎo,追試験
6,补习,bǔxí,補習
6,补助,bǔzhù,補助金
6,串,chuàn,串刺しにする、〜串（動詞・量詞用法）
6,创办,chuàngbàn,設立
6,创建,chuàngjiàn,作成
6,创意,chuàngyì,アイデア
6,传出,chuánchū,伝えられる
6,传媒,chuánméi,メディア
6,传输,chuánshū,伝送
6,船员,chuányuán,乗組員
6,传言,chuányán,噂
6,船只,chuánzhī,船舶
6,船长,chuánzhǎng,船長
6,窗口,chuāngkǒu,ウィンドウ
6,畅通,chàngtōng,円滑
6,查出,cháchū,発見
6,长短,chángduǎn,長短
6,常规,chángguī,通常の
6,长假,chángjià,長期休暇
6,长久,chángjiǔ,長期
6,常年,chángnián,通年の
6,长跑,chángpǎo,長距離走
6,长远,chángyuǎn,長期的な
6,撤离,chèlí,避難
6,撤销,chèxiāo,取り消し
6,成,chéng,〜割（10分の1を表す量詞、例：三成＝3割）
6,成分,chéngfèn,成分
6,承诺,chéngnuò,約束
6,成品,chéngpǐn,完成品
6,城区,chéngqū,市街地
6,城乡,chéngxiāng,都市と農村
6,城镇,chéngzhèn,町
6,持有,chíyǒu,保有
6,崇拜,chóngbài,崇拝
6,重建,chóngjiàn,再建
6,重组,chóngzǔ,再編
6,处处,chùchù,至る所
6,处长,chùzhǎng,課長
6,除,chú,除く、取り除く（動詞用法。「除了」＝〜を除いて）
6,拆迁,chāiqiān,立ち退き
6,昌盛,chāngshèng,繁栄
6,超,chāo,超える、超〜（接頭辞、例：超市＝スーパー）
6,超出,chāochū,超える
6,差异,chāyì,差異
6,车号,chēhào,車番
6,撑,chēng,支える
6,车牌,chēpái,ナンバープレート
6,车展,chēzhǎn,モーターショー
6,冲,chōng,突撃
6,冲击,chōngjī,衝撃
6,出场,chūchǎng,登場
6,出动,chūdòng,出動
6,初等,chūděng,初等の（例：初等教育、初等数学）
6,出访,chūfǎng,訪問
6,出路,chūlù,活路
6,出面,chūmiàn,前面に立つ
6,出名,chūmíng,有名になる
6,出入,chūrù,出入り
6,出事,chūshì,事故
6,出台,chūtái,発表
6,场地,chǎngdì,会場
6,场馆,chǎngguǎn,施設
6,场景,chǎngjǐng,シーン
6,厂商,chǎngshāng,メーカー
6,产量,chǎnliàng,生産量
6,炒,chǎo,投機
6,炒股,chǎogǔ,株式投資
6,炒作,chǎozuò,誇大宣伝
6,宠物,chǒngwù,ペット
6,储存,chǔcún,保管
6,藏,cáng,隠す
6,残疾,cánjí,障害
6,残疾人,cánjírén,障害者
6,残酷,cánkù,残酷
6,侧,cè,側面
6,测定,cèdìng,測定
6,策划,cèhuà,企画
6,策略,cèlüè,戦略
6,层面,céngmiàn,レベル
6,次数,cìshù,回数
6,从不,cóngbù,決して
6,从没,cóngméi,一度も
6,醋,cù,酢
6,餐,cān,食事
6,仓库,cāngkù,倉庫
6,参展,cānzhǎn,出展する
6,操纵,cāozòng,操作
6,村庄,cūnzhuāng,村
6,踩,cǎi,踏む
6,采纳,cǎinà,採用する
6,惨,cǎn,悲惨な、むごい
6,此处,cǐchù,ここ
6,此前,cǐqián,以前
6,此事,cǐshì,この件
6,此致,cǐzhì,敬具
6,电车,diànchē,電車
6,电动,diàndòng,電動
6,电力,diànlì,電力
6,电器,diànqì,電気製品
6,吊,diào,吊るす
6,调研,diàoyán,調査
6,跌,diē,転ぶ
6,对抗,duìkàng,対抗
6,队伍,duìwu,隊列
6,对外,duìwài,対外
6,夺,duó,奪う
6,夺取,duóqǔ,奪取
6,端,duān,端、はし（また「端正＝きちんとした」の意も）
6,端午节,duānwǔjié,端午の節句
6,多半,duōbàn,多くの場合
6,多方面,duōfāngmiàn,多方面
6,多媒体,duōméitǐ,マルチメディア
6,短片,duǎnpiàn,短編
6,大道,dàdào,大通り
6,大街,dàjiē,大通り
6,大力,dàlì,力強く
6,大米,dàmǐ,米
6,档,dàng,ファイル
6,当作,dàngzuò,～として扱う
6,档案,dàng’àn,ファイル
6,诞生,dànshēng,誕生
6,盗版,dàobǎn,海賊版
6,道教,dàojiào,道教
6,到期,dàoqī,期限切れ
6,大批,dàpī,大量
6,大师,dàshī,巨匠
6,大使,dàshǐ,大使
6,地板,dìbǎn,床
6,地名,dìmíng,地名
6,定价,dìngjià,価格設定
6,定时,dìngshí,タイマー
6,定位,dìngwèi,位置情報
6,地下室,dìxiàshì,地下室
6,动画,dònghuà,アニメーション
6,斗争,dòuzhēng,闘争
6,渡,dù,渡る、渡す（動詞用法）
6,毒品,dúpǐn,麻薬
6,搭,dā,乗る
6,搭档,dādàng,相棒
6,待会儿,dāihuìr,後ほど
6,单打,dāndǎ,シングル
6,当成,dāngchéng,～と見なす
6,当天,dāngtiān,当日
6,担忧,dānyōu,懸念
6,搭配,dāpèi,組み合わせ
6,滴,dī,滴る、しずく（動詞・量詞用法）
6,低头,dītóu,うつむく
6,蹲,dūn,しゃがむ
6,都市,dūshì,都市
6,打断,dǎduàn,遮る
6,打动,dǎdòng,感動させる
6,打发,dǎfa,生クリームを泡立てる
6,打官司,dǎguānsi,訴訟を起こす
6,党,dǎng,党、政党
6,岛,dǎo,島
6,打牌,dǎpái,トランプをする
6,打造,dǎzào,作り上げる
6,抵达,dǐdá,到着
6,抵抗,dǐkàng,抵抗
6,赌,dǔ,賭け
6,赌博,dǔbó,ギャンブル
6,犯,fàn,犯す、違反する（動詞用法）
6,犯规,fànguī,反則
6,犯罪,fànzuì,犯罪
6,防范,fángfàn,防犯
6,房价,fángjià,住宅価格
6,防守,fángshǒu,守備
6,凡是,fánshì,あらゆる
6,繁殖,fánzhí,繁殖
6,肺,fèi,肺
6,奉献,fèngxiàn,献身
6,愤怒,fènnù,怒り
6,佛,fó,仏
6,佛教,fójiào,仏教
6,负,fù,負
6,副,fù,〜な様子をした（形容詞用法、例：一副着急的样子）
6,副,fù,〜組、〜そろい（対になったものを数える量詞、例：一副眼镜）
6,妇女,fùnǚ,女性
6,富人,fùrén,金持ち
6,复苏,fùsū,回復
6,富有,fùyǒu,裕福
6,服,fú,服従する、（薬を）飲む（動詞用法。「衣服」の服とは別の用法）
6,浮,fú,浮く、浮かぶ（動詞用法）
6,发病,fābìng,発症
6,发电,fādiàn,発電
6,发放,fāfàng,配布
6,番,fān,回、〜回（量詞・回数を表す用法、例：说一番话＝一通り話す）
6,番茄,fānqié,トマト
6,发怒,fānù,激怒
6,发起,fāqǐ,発起
6,发炎,fāyán,炎症
6,发言人,fāyánrén,スポークスパーソン
6,飞船,fēichuán,宇宙船
6,飞行员,fēixíngyuán,パイロット
6,风暴,fēngbào,嵐
6,峰会,fēnghuì,サミット
6,分工,fēngōng,分業
6,分裂,fēnliè,分裂
6,仿佛,fǎngfú,まるで
6,反抗,fǎnkàng,反抗
6,反问,fǎnwèn,反問
6,反响,fǎnxiǎng,反響
6,法庭,fǎtíng,法廷
6,法语,fǎyǔ,フランス語
6,跪,guì,ひざまずく
6,过渡,guòdù,移行
6,过后,guòhòu,その後
6,过时,guòshí,時代遅れ
6,国产,guóchǎn,国産
6,国歌,guógē,国歌
6,国会,guóhuì,国会、議会（各国の議会を指す一般名詞としても使う）
6,国旗,guóqí,国旗
6,国王,guówáng,国王
6,刮,guā,削る
6,光辉,guānghuī,輝き
6,观光,guānguāng,観光
6,关联,guānlián,関連
6,官司,guānsi,訴訟
6,关爱,guānài,思いやり
6,拐,guǎi,曲がり角
6,管道,guǎndào,パイプライン
6,广阔,guǎngkuò,広大
6,轨道,guǐdào,軌道
6,果酱,guǒjiàng,ジャム
6,果树,guǒshù,果樹
6,更是,gèngshì,さらに
6,革新,géxīn,革新
6,贡献,gòngxiàn,貢献
6,构建,gòujiàn,構築
6,顾,gù,顧
6,故障,gùzhàng,故障
6,肝,gān,肝臓（また「肝っ玉」のように度胸の意も）
6,杆,gān,棒
6,刚好,gānghǎo,ちょうど
6,干涉,gānshè,干渉
6,高层,gāocéng,上層部
6,高档,gāodàng,高級
6,高等,gāoděng,高等
6,高峰,gāofēng,ピーク
6,高科技,gāokējì,ハイテク
6,高手,gāoshǒu,達人
6,歌唱,gēchàng,歌唱
6,歌词,gēcí,歌詞
6,歌星,gēxīng,歌手
6,公,gōng,公の、公平な（また動物の「オス」の意も）
6,宫,gōng,宮
6,公鸡,gōngjī,雄鶏
6,攻击,gōngjī,攻撃
6,供给,gōngjǐ,供給
6,工商,gōngshāng,商工
6,公众,gōngzhòng,大衆
6,公主,gōngzhǔ,王女
6,公安,gōngān,警察、公安（機関）（日本語の「公安」より意味が広く、通常の警察全般を指す）
6,孤独,gūdú,孤独
6,姑姑,gūgu,叔母
6,孤儿,gūér,孤児
6,改装,gǎizhuāng,改造
6,赶不上,gǎnbúshàng,追いつけない
6,港口,gǎngkǒu,港
6,岗位,gǎngwèi,職場
6,赶忙,gǎnmáng,急いで
6,敢于,gǎnyú,敢えて
6,稿子,gǎozi,原稿
6,巩固,gǒnggù,強化
6,股,gǔ,株
6,古典,gǔdiǎn,古典
6,股东,gǔdōng,株主
6,股票,gǔpiào,株式
6,化解,huàjiě,解消
6,幻想,huànxiǎng,幻想
6,患者,huànzhě,患者
6,皇帝,huángdì,皇帝
6,绘画,huìhuà,絵画
6,会见,huìjiàn,面会
6,会长,huìzhǎng,会長
6,回应,huíyìng,応答
6,活跃,huóyuè,活発
6,花费,huāfèi,費用
6,花瓶,huāpíng,花瓶（また比喩的に「見た目だけで実力のない人」の意でも使うことがある）
6,花生,huāshēng,ピーナッツ
6,毁,huǐ,破壊
6,火箭,huǒjiàn,ロケット
6,好学,hàoxué,学問好きな、勉強熱心な
6,横,héng,横暴
6,衡量,héngliáng,比較検討する、はかりにかける（日本語では「衡量」という言葉はあまり使われないため意訳）
6,和谐,héxié,調和
6,核心,héxīn,核心
6,合约,héyuē,契約
6,宏大,hóngdà,壮大
6,洪水,hóngshuǐ,洪水
6,护,hù,保護
6,互动,hùdòng,交流
6,混,hùn,混ざる、混ぜる（動詞用法）
6,混合,hùnhé,混合
6,混乱,hùnluàn,混乱
6,户外,hùwài,屋外
6,壶,hú,急須
6,黑夜,hēiyè,夜
6,狠,hěn,残酷
6,很难说,hěnnánshuō,何とも言えない
6,忽略,hūlüè,無視
6,昏,hūn,薄暗い、意識がもうろうとする（例：黄昏＝夕暮れ、昏迷＝意識不明）
6,海报,hǎibào,ポスター
6,海底,hǎidǐ,海底
6,海军,hǎijūn,海軍
6,海浪,hǎilàng,波
6,海外,hǎiwài,海外
6,海湾,hǎiwān,湾
6,好不容易,hǎobùróngyì,やっとのことで、苦労の末に（＝好容易とも言う）
6,好似,hǎosì,まるで
6,好转,hǎozhuǎn,好転
6,剑,jiàn,剣
6,箭,jiàn,矢
6,鉴定,jiàndìng,鑑定
6,酱,jiàng,醤
6,酱油,jiàngyóu,醤油
6,觉,jiào,覚
6,教堂,jiàotáng,教会
6,教育部,jiàoyùbù,教育部（中国の教育行政を担当する政府機関。日本の「文部科学省」に相当）
6,界,jiè,境界、〜界（分野・世界を表す語、例：世界＝世界）
6,界,jiè,〜界（分野・業界を表す接尾辞、例：文艺界＝文芸界）
6,借鉴,jièjiàn,参考
6,节,jié,節約する（動詞用法）
6,杰出,jiéchū,傑出
6,节能,jiénéng,省エネ
6,截至,jiézhì,～時点で
6,截止,jiézhǐ,締切
6,节奏,jiézòu,リズム
6,救命,jiùmìng,命を救う（動詞）、助けて！（叫び声としての用法も、例：救命啊！）
6,就是说,jiùshìshuō,つまり
6,就算,jiùsuàn,たとえ
6,救援,jiùyuán,救援
6,救助,jiùzhù,救助
6,嘉宾,jiābīn,ゲスト
6,家电,jiādiàn,家電
6,加盟,jiāméng,加盟
6,尖,jiān,尖った、とがっている（形容詞用法）
6,监测,jiāncè,監視
6,监督,jiāndū,監督
6,将军,jiāngjūn,将軍
6,焦点,jiāodiǎn,焦点
6,家园,jiāyuán,家
6,揭,jiē,明かす
6,接收,jiēshōu,受信
6,街头,jiētóu,街頭
6,解,jiě,解説
6,解说,jiěshuō,解説
6,纠纷,jiūfēn,紛争
6,纠正,jiūzhèng,是正
6,捡,jiǎn,拾う
6,讲课,jiǎngkè,講義
6,简介,jiǎnjiè,概要
6,脚印,jiǎoyìn,足跡
6,酒水,jiǔshuǐ,酒類
6,绝,jué,絶
6,决策,juécè,意思決定
6,绝大多数,juédàduōshù,大多数
6,觉悟,juéwù,自覚
6,捐,juān,寄付
6,捐款,juānkuǎn,寄付金
6,捐助,juānzhù,支援
6,捐赠,juānzèng,寄贈
6,尽,jìn,尽くす
6,净,jìng,清
6,进攻,jìngōng,攻撃
6,近日,jìnrì,最近
6,近视,jìnshì,近視
6,集,jí,集まる、集める、〜集（動詞・名詞用法）
6,疾病,jíbìng,病気
6,极端,jíduān,極端
6,急救,jíjiù,救急
6,吉利,jílì,縁起が良い、めでたい（日本語の「吉利」はあまり一般的ではないため意訳）
6,吉祥,jíxiáng,縁起が良い、めでたい
6,剧,jù,劇
6,据,jù,〜に基づいて、占める（例：根据＝〜に基づいて、占据＝占領する）
6,局,jú,勝負の回数（1局、2局）やテニス・卓球などのゲーム・セット（1セット）を数える量詞
6,机动车,jīdòngchē,自動車
6,基督教,jīdūjiào,キリスト教
6,机关,jīguān,機関
6,精,jīng,精、エネルギー（また「巧み、賢い」の意も）
6,精美,jīngměi,美しい
6,精品,jīngpǐn,逸品
6,惊人,jīngrén,驚くべき
6,惊喜,jīngxǐ,嬉しい驚き
6,金钱,jīnqián,金銭
6,金融,jīnróng,金融
6,金额,jīné,金額
6,激情,jīqíng,情熱
6,机械,jīxiè,機械
6,军队,jūnduì,軍隊
6,军舰,jūnjiàn,軍艦
6,军事,jūnshì,軍事
6,井,jǐng,井戸（水を汲む穴）
6,景,jǐng,景色
6,给予,jǐyǔ,与える
6,跨,kuà,跨ぐ
6,快车,kuàichē,特急
6,矿,kuàng,鉱山
6,阔,kuò,広い
6,宽阔,kuānkuò,広々とした
6,看得见,kàndejiàn,見える
6,看得起,kàndeqǐ,見下さない
6,抗议,kàngyì,抗議
6,看好,kànhǎo,見守る
6,看作,kànzuò,～と見なす
6,客车,kèchē,バス
6,扣,kòu,差し引く
6,酷,kù,クール
6,开创,kāichuàng,開拓
6,开关,kāiguān,スイッチ
6,开设,kāishè,開設
6,开头,kāitóu,冒頭
6,开通,kāitōng,開設
6,开夜车,kāiyèchē,夜通し働く
6,看,kān,見張る、番をする、世話をする（第四声 kàn「見る」とは別の読み）
6,康复,kāngfù,回復
6,看管,kānguǎn,管理する
6,科研,kēyán,科学研究
6,肯,kěn,肯定する
6,空军,kōngjūn,空軍
6,考场,kǎochǎng,試験会場
6,考题,kǎotí,試験問題
6,口试,kǒushì,面接
6,啦,la,より陽気で人間味のある響き明るい、軽い、または感情的（喜び、驚き、強調）なニュアンス、「了」よりも感情がこもる。「下雪啦 (雪が降ったよ！)」、「A啦，B啦…」という形で例を挙げる、疑問文や命令文を和らげたり、強調したりする。「快走啦 (早く行こうよ)」
6,料,liào,推測する、予想する、見積もる（動詞用法）
6,料,liào,材料、素材、原料（名詞用法）
6,凉鞋,liángxié,サンダル
6,联盟,liánméng,連盟
6,联手,liánshǒu,協力
6,联赛,liánsài,リーグ
6,聊,liáo,おしゃべり
6,聊天儿,liáotiānr,おしゃべり
6,裂,liè,裂ける
6,流感,liúgǎn,インフルエンザ
6,留言,liúyán,メッセージ
6,两侧,liǎngcè,両側
6,两手,liǎngshǒu,両手
6,赖,lài,頼る
6,来往,láiwǎng,行き来
6,蓝领,lánlǐng,ブルーカラー
6,栏目,lánmù,カテゴリ
6,蓝天,lántiān,青空
6,牢,láo,牢屋
6,利,lì,利益、有利（形容詞的にも使う）
6,灵活,línghuó,柔軟
6,露,lòu,露呈する
6,楼道,lóudào,廊下
6,楼房,lóufáng,建物
6,露,lù,（水に濡れる意の）露
6,陆军,lùjūn,陸軍
6,录像,lùxiàng,ビデオ
6,录音机,lùyīnjī,テープレコーダー
6,冷气,lěngqì,冷房
6,冷水,lěngshuǐ,冷水
6,老乡,lǎoxiāng,同郷
6,理,lǐ,道理、理屈（また「処理する」等の動詞用法も）
6,理财,lǐcái,資産運用
6,领取,lǐngqǔ,受け取る
6,领袖,lǐngxiù,リーダー
6,礼堂,lǐtáng,講堂
6,理智,lǐzhì,理性
6,旅店,lǚdiàn,旅館
6,绿化,lǜhuà,緑化
6,嘛,ma,まあ
6,面对面,miànduìmiàn,対面
6,面向,miànxiàng,向け
6,妙,miào,巧み、優れている（※日本語の「妙」＝奇妙な、とは意味がずれるため注意）
6,棉,mián,綿
6,灭,miè,滅ぼす
6,免得,miǎndé,免れる
6,慢车,mànchē,ローカル列車
6,埋,mái,埋める
6,盲人,mángrén,盲人
6,梅花,méihuā,梅の花
6,蒙,méng,蒙る
6,命,mìng,命、運命（名詞用法）
6,明日,míngrì,明日（あす）※書き言葉。口語では「明天」を使う
6,名胜,míngshèng,名所
6,名义,míngyì,名目
6,名誉,míngyù,名誉
6,民歌,míngē,民謡
6,民工,míngōng,出稼ぎ労働者
6,名额,míng’é,定員
6,民警,mínjǐng,警察官
6,民意,mínyì,民意
6,民主,mínzhǔ,民主主義
6,墨水,mòshuǐ,インク
6,没收,mòshōu,没収
6,膜,mó,膜
6,磨,mó,磨く
6,墓,mù,墓
6,蒙,mēng,覆う
6,美容,měiróng,美容
6,猛,měng,猛烈
6,马车,mǎchē,馬車
6,母,mǔ,母（また動物の「メス」の意も）
6,母鸡,mǔjī,雌鶏
6,扭,niǔ,ひねる
6,拿走,názǒu,持ち去る
6,内地,nèidì,中国本土
6,内外,nèiwài,内外
6,内衣,nèiyī,下着
6,泥,ní,泥
6,奶粉,nǎifěn,粉ミルク
6,奶牛,nǎiniú,乳牛
6,偏,piān,偏り
6,派出,pàichū,派遣する
6,判,pàn,判決
6,盼望,pànwàng,期待
6,泡,pào,泡、（水に）浸す、（お茶を）いれる（動詞用法も）
6,炮,pào,大砲
6,排行榜,páihángbǎng,ランキング
6,配置,pèizhì,構成
6,陪同,péitóng,同伴
6,聘请,pìnqǐng,採用
6,评,píng,評価
6,平凡,píngfán,平凡
6,平方米,píngfāngmǐ,平方メートル
6,平衡,pínghéng,バランス
6,屏幕,píngmù,画面
6,平台,píngtái,プラットフォーム
6,评选,píngxuǎn,選考
6,贫困,pínkùn,貧困
6,皮球,píqiú,ボール
6,坡,pō,坂
6,扑,pū,飛びかかる
6,铺,pū,敷く
6,品牌,pǐnpái,ブランド
6,恰当,qiàdàng,適切
6,恰好,qiàhǎo,ちょうど
6,恰恰,qiàqià,ちょうど
6,强盗,qiángdào,強盗
6,强化,qiánghuà,強化
6,强势,qiángshì,強気
6,强壮,qiángzhuàng,たくましい
6,前来,qiánlái,やってくる
6,潜力,qiánlì,潜在能力
6,桥梁,qiáoliáng,橋
6,切实,qièshí,確実
6,茄子,qiézi,ナス
6,球拍,qiúpāi,ラケット
6,球星,qiúxīng,スター選手
6,球员,qiúyuán,選手
6,求职,qiúzhí,就職活動
6,牵,qiān,引く
6,铅笔,qiānbǐ,鉛筆
6,谦虚,qiānxū,謙虚
6,巧妙,qiǎomiào,巧み
6,券,quàn,クーポン
6,权,quán,権利
6,权力,quánlì,権力
6,全力,quánlì,全力を尽くす
6,全新,quánxīn,全く新しい
6,却是,quèshì,しかし
6,缺陷,quēxiàn,欠陥
6,气氛,qìfēn,雰囲気
6,奇妙,qímiào,不思議
6,情绪,qíngxù,感情
6,去掉,qùdiào,取り除く
6,渠道,qúdào,チャネル
6,欺负,qīfu,いじめ
6,侵犯,qīnfàn,侵害
6,清,qīng,清らか
6,清洁,qīngjié,清潔
6,清洁工,qīngjiégōng,清掃員
6,清明节,qīngmíngjié,清明節
6,倾向,qīngxiàng,傾向
6,清洗,qīngxǐ,洗浄
6,亲属,qīnshǔ,親族
6,亲眼,qīnyǎn,この目で
6,区分,qūfēn,区別
6,起点,qǐdiǎn,起点
6,起诉,qǐsù,提訴
6,企图,qǐtú,企て
6,取款,qǔkuǎn,出金
6,取款机,qǔkuǎnjī,ATM
6,若,ruò,もし
6,让座,ràngzuò,席を譲る
6,热点,rèdiǎn,話題
6,认同,rèntóng,アイデンティティ
6,热水,rèshuǐ,お湯
6,热水器,rèshuǐqì,給湯器
6,热线,rèxiàn,ホットライン
6,人权,rénquán,人権
6,日夜,rìyè,昼夜
6,日语,rìyǔ,日本語
6,融合,rónghé,融合
6,融入,róngrù,溶け込む
6,如,rú,〜のようだ、もし〜なら（例：如果＝もし）
6,如一,rúyī,終始一貫している（多くは「始终如一」の形で使う）
6,乳制品,rǔzhìpǐn,乳製品
6,税,shuì,税金
6,双打,shuāngdǎ,ダブルス
6,说实话,shuōshíhuà,正直に言うと
6,爽,shuǎng,爽快
6,水泥,shuǐní,セメント
6,上当,shàngdàng,騙される
6,上帝,shàngdì,神様
6,上市,shàngshì,上場
6,上台,shàngtái,登壇
6,上演,shàngyǎn,上演
6,少儿,shàoér,子供
6,勺,sháo,スプーン
6,设计师,shèjìshī,デザイナー
6,涉及,shèjí,関わる
6,圣诞节,shèngdànjié,クリスマス
6,盛行,shèngxíng,流行
6,舌头,shétou,舌
6,试点,shìdiǎn,パイロット事業
6,适当,shìdàng,適切
6,事后,shìhòu,事後
6,市民,shìmín,市民
6,识,shí,知識
6,实践,shíjiàn,実践
6,时节,shíjié,季節
6,时期,shíqī,時期
6,时时,shíshí,常に
6,食欲,shíyù,食欲
6,时装,shízhuāng,ファッション
6,识字,shízì,識字
6,时而,shí’ér,時折
6,顺,shùn,順調
6,山峰,shānfēng,山頂
6,商城,shāngchéng,ショッピングモール
6,伤口,shāngkǒu,傷口
6,伤亡,shāngwáng,死傷者
6,伤员,shāngyuán,負傷者
6,山谷,shāngǔ,谷
6,山坡,shānpō,斜面
6,生活费,shēnghuófèi,生活費
6,升级,shēngjí,アップグレード
6,升学,shēngxué,進学
6,升值,shēngzhí,価値の上昇
6,深化,shēnhuà,深化
6,深深,shēnshēn,深く
6,审查,shěnchá,審査
6,省钱,shěngqián,節約
6,师父,shīfu,師匠
6,收藏,shōucáng,お気に入り
6,收取,shōuqǔ,徴収
6,收养,shōuyǎng,養子縁組
6,书房,shūfáng,書斎
6,首,shǒu,長、トップ（例：元首＝国家元首）
6,首次,shǒucì,初回
6,首脑,shǒunǎo,首脳
6,首相,shǒuxiàng,首相
6,首席,shǒuxí,首席、第一人者（日本語の「首席」より使用範囲が広い）
6,手续费,shǒuxùfèi,手数料
6,薯片,shǔpiàn,ポテトチップス
6,薯条,shǔtiáo,フライドポテト
6,算了,suànle,もういいや
6,算是,suànshì,まあ
6,岁数,suìshù,年齢
6,虽,suī,とはいえ
6,所,suǒ,〜するところの（「所＋動詞」の形で名詞化する助詞、例：所说＝言うところのこと）
6,赛,sài,試合
6,赛场,sàichǎng,競技場
6,丧失,sàngshī,喪失
6,寺,sì,寺（仏教寺院）
6,四处,sìchù,あちこち
6,送礼,sònglǐ,贈り物
6,送行,sòngxíng,見送り
6,素质,sùzhì,素質
6,塞,sāi,詰める
6,三明治,sānmíngzhì,サンドイッチ
6,司长,sīzhǎng,局長
6,死亡,sǐwáng,死亡
6,跳水,tiàoshuǐ,飛び込み
6,田,tián,田、田畑
6,田径,tiánjìng,陸上競技
6,添,tiān,添える
6,天然,tiānrán,天然
6,天堂,tiāntáng,天国
6,天下,tiānxià,天下
6,团队,tuánduì,チーム
6,退票,tuìpiào,払い戻し
6,托,tuō,預ける
6,拖,tuō,引き延ばす
6,拖鞋,tuōxié,スリッパ
6,踏,tà,踏む
6,太阳能,tàiyángnéng,太陽光発電
6,叹气,tànqì,ため息
6,探索,tànsuǒ,探求
6,探讨,tàntǎo,検討
6,台灯,táidēng,テーブルランプ
6,特,tè,特に
6,特大,tèdà,特大
6,特地,tèdì,わざわざ
6,特快,tèkuài,特急
6,特意,tèyì,わざわざ
6,疼痛,téngtòng,痛み
6,提交,tíjiāo,提出
6,提升,tíshēng,向上
6,透露,tòulù,明かす
6,同,tóng,同じ（接頭辞的用法、例：同上）
6,同胞,tóngbāo,同胞、同じ国・民族の人（日本語の「同胞（はらから）」＝実の兄弟姉妹、とは意味の範囲が異なるため注意）
6,同行,tóngháng,同業者、同僚（同じ職業の人。日本語の「同行する（一緒に行く）」とは意味が異なるため注意）
6,铜牌,tóngpái,銅メダル
6,同期,tóngqī,同じ時期（例：同期＝前年同期比較などで使う。日本語の「同期（入社が同じ）」とはニュアンスが異なる場合があるため注意）
6,同一,tóngyī,同一
6,投票,tóupiào,投票
6,头疼,tóuténg,頭痛
6,徒弟,túdì,弟子
6,途径,tújìng,方法
6,图书,túshū,図書
6,掏,tāo,取り出す
6,踏实,tāshi,堅実
6,踢,tī,蹴る
6,听取,tīngqǔ,聴取
6,通报,tōngbào,通報
6,通道,tōngdào,通路
6,通话,tōnghuà,通話
6,通红,tōnghóng,真っ赤
6,通行,tōngxíng,通行する（また「（考え方・言い方などが）広く通用する」の意でも使うことがある）
6,通讯,tōngxùn,通信
6,吞,tūn,飲み込む
6,塔,tǎ,塔
6,哇,wa,わあ
6,外币,wàibì,外貨
6,外部,wàibù,外部
6,外观,wàiguān,外観
6,外科,wàikē,外科
6,外来,wàilái,外部から来た、外来の（例：外来语＝外来語、外来人口＝流入人口。日本語の「外来（病院の外来）」とは異なる意味なので注意）
6,外头,wàitou,外
6,外衣,wàiyī,上着
6,外资,wàizī,外資
6,望见,wàngjiàn,見かける
6,王后,wánghòu,女王
6,王子,wángzǐ,王子
6,顽皮,wánpí,いたずらっ子
6,顽强,wánqiáng,不屈
6,娃娃,wáwa,人形
6,为此,wèicǐ,そのため
6,为何,wèihé,なぜ
6,维生素,wéishēngsù,ビタミン
6,文娱,wényú,娯楽
6,卧铺,wòpù,寝台
6,误,wù,間違い
6,物品,wùpǐn,物品
6,无边,wúbiān,果てしなく
6,无关,wúguān,無関係
6,无效,wúxiào,無効
6,挖,wā,掘る
6,弯曲,wānqū,曲がり
6,微波炉,wēibōlú,電子レンジ
6,危机,wēijī,危機
6,威胁,wēixié,脅威
6,乌云,wūyún,暗雲
6,网吧,wǎngbā,インターネットカフェ
6,往后,wǎnghòu,次へ
6,往来,wǎnglái,行き来
6,往年,wǎngnián,昨年
6,舞蹈,wǔdǎo,ダンス
6,线路,xiànlù,路線
6,陷入,xiànrù,陥る
6,笑脸,xiàoliǎn,笑顔
6,笑容,xiàoróng,笑み
6,笑声,xiàoshēng,笑い声
6,嫌,xián,嫌う
6,协会,xiéhuì,協会
6,协商,xiéshāng,協議
6,协调,xiétiáo,調整
6,协助,xiézhù,協力
6,袖珍,xiùzhēn,ポケットサイズ
6,先锋,xiānfēng,先駆者
6,消耗,xiāohào,消費
6,消灭,xiāomiè,消滅
6,写字楼,xiězìlóu,オフィスビル
6,写字台,xiězìtái,デスク
6,凶,xiōng,凶、不吉な
6,凶手,xiōngshǒu,犯人
6,修车,xiūchē,車の修理
6,险,xiǎn,危険
6,显出,xiǎnchū,現れる
6,想不到,xiǎngbúdào,まさか
6,响声,xiǎngshēng,音
6,晓得,xiǎodé,知っている
6,小费,xiǎofèi,チップ
6,小麦,xiǎomài,小麦
6,小于,xiǎoyú,より小さい
6,悬,xuán,宙吊り
6,旋转,xuánzhuǎn,回転
6,血管,xuèguǎn,血管
6,血液,xuèyè,血液
6,学会,xuéhuì,（技能などを）身につける、マスターする（動詞用法。例：学会了游泳＝泳げるようになった。※日本語の「学会（がっかい）」＝学術団体とは意味が異なるため注意）
6,学员,xuéyuán,受講生
6,选拔,xuǎnbá,選抜
6,选举,xuǎnjǔ,選挙
6,细胞,xìbāo,細胞
6,细菌,xìjūn,細菌
6,信用,xìnyòng,信用、信頼（また金融用語としての「クレジット」の意味も重要）。文語的に「信用して用いる」という動詞の用法もある
6,信仰,xìnyǎng,信仰
6,戏曲,xìqǔ,伝統演劇
6,形,xíng,形
6,行程,xíngchéng,旅程
6,循环,xúnhuán,循環
6,西班牙语,xībānyáyǔ,スペイン語
6,吸毒,xīdú,薬物使用
6,兴旺,xīngwàng,繁栄
6,心灵,xīnlíng,心
6,新人,xīnrén,新人（また結婚式での「新郎新婦」を指すこともある）
6,薪水,xīnshui,給料
6,新兴,xīnxīng,新興
6,心愿,xīnyuàn,願い
6,心脏,xīnzàng,心臓
6,心脏病,xīnzàngbìng,心臓病
6,牺牲,xīshēng,犠牲
6,洗衣粉,xǐyīfěn,洗濯洗剤
6,园,yuán,園
6,原,yuán,原、元々の（また「野原」の意も）
6,园地,yuándì,園地
6,原告,yuángào,原告
6,缘故,yuángù,理由
6,元素,yuánsù,元素
6,援助,yuánzhù,援助
6,圆珠笔,yuánzhūbǐ,ボールペン
6,乐曲,yuèqǔ,楽曲
6,约定,yuēdìng,約束
6,远方,yuǎnfāng,遠方
6,远远,yuǎnyuǎn,はるか
6,样,yàng,様
6,宴会,yànhuì,宴会
6,要不然,yàobùrán,そうでなければ
6,要好,yàohǎo,仲が良い
6,要么,yàome,あるいは
6,药品,yàopǐn,医薬品
6,要素,yàosù,要素
6,沿,yán,沿う
6,研发,yánfā,研究開発
6,洋,yáng,西洋の、洋風の（また「海」の意も）
6,沿海,yánhǎi,沿岸
6,沿着,yánzhe,沿って
6,异常,yìcháng,異常
6,一番,yìfān,一通り、一しきり（量詞的用法。例：说一番话＝一通り話す。※日本語の「一番＝No.1、最も」とは意味が異なるため注意）
6,一模一样,yìmúyíyàng,全く同じ
6,印,yìn,印、しるし（また「印刷する」の動詞用法も）
6,应对,yìngduì,対応
6,应急,yìngjí,緊急時
6,一齐,yìqí,一緒に
6,艺人,yìrén,芸能人
6,一时,yìshí,一時
6,议题,yìtí,議題
6,一同,yìtóng,共に
6,意想不到,yìxiǎngbùdào,思いがけない
6,一行,yìxíng,一行（いっこう）、同行する人々の一団（※日本語で「一行」は「1行の文章（いちぎょう）」の意味にもなるため文脈に注意）
6,意愿,yìyuàn,意思
6,一次性,yícìxìng,使い捨て
6,一代,yídài,第一世代
6,一道,yídào,一筋
6,一贯,yíguàn,一貫して
6,遗憾,yíhàn,残念
6,一路上,yílùshàng,道中
6,迎来,yínglái,迎える
6,仪器,yíqì,器具
6,仪式,yíshì,儀式
6,用处,yòngchù,用途
6,用得着,yòngdezháo,役に立つ
6,用法,yòngfǎ,使い方
6,用品,yòngpǐn,用品、用具（多くは「生活用品」「日用品」のように複合語で使う）
6,用心,yòngxīn,心を込める
6,游人,yóurén,観光客
6,游戏机,yóuxìjī,ゲーム機
6,游行,yóuxíng,パレード
6,晕车,yùnchē,乗り物酔い
6,运作,yùnzuò,運営
6,预约,yùyuē,予約
6,于,yú,～について
6,娱乐,yúlè,娯楽
6,烟花,yānhuā,花火
6,压迫,yāpò,圧迫
6,野,yě,野、野原（また「野生の」の意も）
6,野生,yěshēng,野生
6,依次,yīcì,順に
6,依赖,yīlài,依存
6,因,yīn,原因
6,英雄,yīngxióng,ヒーロー
6,音量,yīnliàng,音量
6,阴谋,yīnmóu,陰謀
6,因素,yīnsù,要因
6,音像,yīnxiàng,映像
6,阴影,yīnyǐng,影
6,医药,yīyào,医薬
6,优质,yōuzhì,高品質
6,晕,yūn,くらくらする
6,仰,yǎng,仰ぐ
6,养老,yǎnglǎo,老後
6,氧气,yǎngqì,酸素
6,眼看,yǎnkàn,目前
6,演奏,yǎnzòu,演奏
6,隐藏,yǐncáng,非表示
6,影迷,yǐngmí,映画ファン
6,影星,yǐngxīng,映画スター
6,隐私,yǐnsī,プライバシー
6,有关,yǒuguān,～について
6,有没有,yǒuméiyǒu,～はあるか
6,有事,yǒushì,用事がある
6,宇航员,yǔhángyuán,宇宙飛行士
6,雨衣,yǔyī,レインコート
6,转,zhuàn,回る
6,转动,zhuàndòng,回転する
6,壮观,zhuàngguān,壮観
6,赚钱,zhuànqián,お金を稼ぐ
6,装备,zhuāngbèi,装備
6,专用,zhuānyòng,専用
6,追究,zhuījiū,追及
6,捉,zhuō,捕まえる
6,炸,zhà,爆破
6,炸弹,zhàdàn,爆弾
6,债,zhài,負債
6,战场,zhànchǎng,戦場
6,账,zhàng,帳簿
6,账户,zhànghù,口座
6,障碍,zhàng’ài,障害
6,占据,zhànjù,占拠
6,战略,zhànlüè,戦略
6,战术,zhànshù,戦術
6,站台,zhàntái,プラットフォーム
6,战友,zhànyǒu,戦友
6,照样,zhàoyàng,相変わらず
6,照耀,zhàoyào,照らす
6,炸药,zhàyào,爆薬
6,这就是说,zhèjiùshìshuō,つまり
6,镇,zhèn,町
6,政策,zhèngcè,政策
6,正当,zhèngdāng,正当な、適切な（形容詞）。また「ちょうど〜する時に」という意味でも使う（例：正当我准备走的时候）
6,政党,zhèngdǎng,政党
6,政权,zhèngquán,政権
6,症状,zhèngzhuàng,症状
6,哲学,zhéxué,哲学
6,治病,zhìbìng,治療
6,智慧,zhìhuì,知恵
6,至于,zhìyú,さて
6,直升机,zhíshēngjī,ヘリコプター
6,职责,zhízé,職責
6,驻,zhù,駐在
6,祝愿,zhùyuàn,願い
6,住宅,zhùzhái,住宅
6,柱子,zhùzi,柱
6,扎,zhā,しっかり
6,章,zhāng,章、〜章（また「バッジ」の意も）
6,招,zhāo,募集
6,扎实,zhāshi,着実
6,争夺,zhēngduó,争奪
6,整顿,zhěngdùn,整備
6,整治,zhěngzhì,是正
6,枝,zhī,枝（木の枝。ペンなどを数える量詞としても使う）
6,织,zhī,織る
6,支撑,zhīchēng,支え
6,之类,zhīlèi,など
6,知名,zhīmíng,有名
6,支援,zhīyuán,支援
6,中等,zhōngděng,中等
6,中华,zhōnghuá,中華
6,中期,zhōngqī,中期
6,钟头,zhōngtóu,時間
6,中外,zhōngwài,中国と外国、国内外（「中国」と「外国」を合わせた特有の表現）
6,忠心,zhōngxīn,忠誠
6,粥,zhōu,お粥
6,珠宝,zhūbǎo,宝石
6,诸位,zhūwèi,皆様
6,长,zhǎng,〜長（役職を表す接尾辞、例：秘书长＝事務局長）
6,涨,zhǎng,上昇
6,掌声,zhǎngshēng,拍手
6,止,zhǐ,止まる
6,只得,zhǐdé,しか
6,指定,zhǐdìng,指定
6,只管,zhǐguǎn,ばかり
6,只顾,zhǐgù,ばかり
6,指数,zhǐshù,指数、指標（数学の「指数（exponent）」の意味も、経済などの「指数（index）」の意味もある）
6,指头,zhǐtou,指
6,指着,zhǐzhe,指さす
6,肿,zhǒng,腫れ
6,种种,zhǒngzhǒng,様々な
6,煮,zhǔ,煮る
6,主持人,zhǔchírén,司会者
6,主角,zhǔjué,主人公
6,主流,zhǔliú,主流
6,钻,zuàn,ドリル
6,罪,zuì,罪
6,最佳,zuìjiā,最高
6,罪恶,zuìè,罪悪
6,作,zuò,作る、行う（動詞用法。また「作品」のように名詞的にも使う）
6,作废,zuòfèi,無効
6,座谈会,zuòtánhuì,座談会
6,作战,zuòzhàn,戦闘
6,再生,zàishēng,再生する、生まれ変わる（また「（資源を）リサイクルする」の意でも使う）
6,杂,zá,雑
6,自来水,zìláishuǐ,水道水
6,自我,zìwǒ,自己
6,自言自语,zìyánzìyǔ,独り言
6,自在,zìzài,自由
6,奏,zòu,奏でる
6,足,zú,十分
6,族,zú,〜族（民族・グループを表す語、例：家族）
6,族,zú,〜族（グループを表す接尾辞、例：上班族＝サラリーマン）
6,足以,zúyǐ,十分にある
6,遭到,zāodào,被る
6,遭受,zāoshòu,受ける
6,遭遇,zāoyù,遭遇する
6,增进,zēngjìn,促進
6,增值,zēngzhí,付加価値
6,咨询,zīxún,相談
6,宗教,zōngjiào,宗教
6,租金,zūjīn,家賃
6,早晚,zǎowǎn,遅かれ早かれ
6,总部,zǒngbù,本部
6,总监,zǒngjiān,ディレクター
6,总经理,zǒngjīnglǐ,総支配人
6,总量,zǒngliàng,総量
6,走私,zǒusī,密輸
6,祖父,zǔfù,（父方の）祖父 ※書き言葉。口語では「爷爷」を使う
6,祖国,zǔguó,祖国、母国（自国を親しみを込めて呼ぶ、やや愛国的なニュアンスを含む）
6,祖母,zǔmǔ,（父方の）祖母 ※書き言葉。口語では「奶奶」を使う
6,挨,ái,近づく
6,挨打,áidǎ,殴られる
6,儿科,érkē,小児科
6,挨着,āizhe,隣り合う
6,恩人,ēnrén,恩人
