word,pinyin,meaning_ja
你好,nǐhǎo,こんにちは
我,wǒ,私
小明,xiǎomíng,（人名）
你,nǐ,あなた
丽丽,lìlì,（人名）
认识,rènshí,知り合う、知っている
高兴,gāoxìng,うれしい
学生,xuéshēng,学生
今年,jīnnián,今年
二十岁,èrshísuì,20歳
十九岁,shíjiǔsuì,19歳
你家,nǐjiā,あなたの家
几口,jǐkǒu,何人（家族を数える）
人,rén,人
我家,wǒjiā,私の家
四口,sìkǒu,4人（家族）
爸爸,bàbà,お父さん
妈妈,māmā,お母さん
姐姐,jiějiě,お姉さん
喜欢,xǐhuān,好きだ、気に入る
什么,shénme,何
运动,yùndòng,運動、スポーツ
打篮球,dǎlánqiú,バスケットボールをする
游泳,yóuyǒng,泳ぐ
我们,wǒmen,私たち
做,zuò,する、作る
朋友,péngyǒu,友達
好,hǎo,良い、元気だ
谢谢,xièxiè,ありがとう
买,mǎi,買う
一件,yījiàn,一着（服の量詞）
衣服,yīfú,服
颜色,yánsè,色
红色,hóngsè,赤色
这件,zhèjiàn,これ（この一着）
多少钱,duōshǎoqián,いくらですか
一百二十块,yìbǎièrshíkuài,120元
钱,qián,お金
小红,xiǎohóng,（人名）
很漂亮,hěnpiàoliàng,とても綺麗だ
看看,kànkàn,ちょっと見る
不错,bùcuò,なかなか良い
八十块,bāshíkuài,80元
便宜,piányi,安い
白色,báisè,白色
去,qù,行く
买点儿,mǎidiǎnér,少し買う
水果,shuǐguǒ,果物
苹果,píngguǒ,りんご
喂,wèi,もしもし
张伟,zhāngwěi,（人名）
王芳,wángfāng,（人名）
有事吗,yǒushìma,何かあるの？
明天,míngtiān,明日
时间,shíjiān,時間
一起,yìqǐ,一緒に
吃饭,chīfàn,ご飯を食べる
几点,jǐdiǎn,何時
中午,zhōngwǔ,昼、正午
十二点,shíèrdiǎn,12時
哪儿,nǎér,どこ
吃,chī,食べる
学校,xuéxiào,学校
前边,qiánbiān,前、前方
一个,yígè,一つ
饭馆,fànguǎn,レストラン
好吃,hǎochī,おいしい
那儿,nàér,そこ、あそこ
见,jiàn,会う
欢迎光临,huānyíngguānglín,いらっしゃいませ
你们,nǐmen,あなたたち
几位,jǐwèi,何名様
两个,liǎnggè,二つ
位子,wèizi,席
这边,zhèbiān,こちら
请,qǐng,どうぞ〜してください
点儿,diǎnér,少し（量を表す）
决定,juédìng,決める、決定
菜单,càidān,メニュー
我要,wǒyào,私は〜が欲しい
宫保鸡,gōngbǎojī,宮保鶏丁（料理名の一部）
丁,dīng,角切り（料理名の一部）
一碗,yīwǎn,お椀一杯
米饭,mǐfàn,ご飯
一样,yīyàng,同じ
今天,jīntiān,今日
不太饿,bùtàiè,あまりお腹が空いていない
点得少,diǎndéshǎo,少なめに注文する
一点儿,yìdiǎnér,少し
还要,háiyào,まだ〜が必要、さらに〜したい
喝,hē,飲む
来,lái,来る
两杯,liǎngbēi,2杯
茶,chá,お茶
这家,zhèjiā,この店
菜,cài,料理
听说,tīngshuō,〜と聞いている
服务,fúwù,サービス
马上,mǎshàng,すぐに
请稍等,qǐngshāoděng,少々お待ちください
阿姨,āyí,おばさん
请问,qǐngwèn,お尋ねします
火车站,huǒchēzhàn,駅（鉄道駅）
走,zǒu,歩く、行く、離れる
往前走,wǎngqiánzǒu,前へ進む
红绿灯,hónglǜdēng,信号機
往右,wǎngyòu,右へ
拐,guǎi,曲がる
以后,yǐhòu,〜以後、これから
五分钟,wǔfēnzhōng,5分間
这儿,zhèér,ここ
远,yuǎn,遠い
不远,bùyuǎn,遠くない
不太远,bùtàiyuǎn,あまり遠くない
太好了,tàihǎole,よかった！
谢谢您,xièxiènín,ありがとうございます
客气,kèqì,遠慮する、礼儀正しい
祝,zhù,〜を祈る、願う
旅行愉快,lǚxíngyúkuài,良い旅を
再见,zàijiàn,さようなら
这个,zhège,これ
周末,zhōumò,週末
公园,gōngyuán,公園
骑,qí,（自転車などに）乗る
自行车,zìxíngchē,自転車
没想,méixiǎng,まだ考えていない
天气,tiānqì,天気
不太好,bùtàihǎo,あまり良くない
天气预报,tiānqìyùbào,天気予報
说,shuō,話す、言う
星期六,xīngqīliù,土曜日
下雨,xiàyǔ,雨が降る
那,nà,あれ、それ／それなら
星期天,xīngqītiān,日曜日
主意,zhǔyì,考え、アイデア
骑车,qíchē,自転車に乗る
聊天,liáotiān,おしゃべりする
最近,zuìjìn,最近
工作,gōngzuò,仕事、働く
忙,máng,忙しい
这么,zhème,こんなに、このように
上午,shàngwǔ,午前
十点,shídiǎn,10時
门口,ménkǒu,入り口
不见不散,bújiànbúsàn,会うまで帰らない（必ず会おうという決まり文句）
五一,wǔyī,メーデー（5月1日、連休）
假期,jiàqī,休暇、連休
云南,yúnnán,雲南（地名）
旅行,lǚxíng,旅行
那里,nàlǐ,そこ、あそこ
风景,fēngjǐng,景色
特别,tèbié,特に、特別
美,měi,美しい
上次,shàngcì,前回
去过,qùguò,行ったことがある
一次,yīcì,一回
看,kàn,見る
那个,nàge,あれ、その
地方,dìfāng,場所
提前,tíqián,前もって、早めに
机票,jīpiào,航空券
订好,dìnghǎo,予約しておく
不然,bùrán,そうでなければ
票会,piàohuì,チケットは（〜になるだろう）
很贵,hěnguì,とても高い
负责,fùzé,担当する、責任を持つ
订,dìng,予約する
酒店,jiǔdiàn,ホテル
订机票,dìngjīpiào,航空券を予約する
问题,wèntí,問題
大理,dàlǐ,大理（地名）
丽江,lìjiāng,麗江（地名）
够,gòu,十分だ、足りる
多,duō,多い
几个,jǐgè,いくつか
别忘了,biéwàngle,忘れないで
带,dài,持って行く
相机,xiàngjī,カメラ
一定,yídìng,必ず、きっと
拍照,pāizhào,写真を撮る
留念,liúniàn,記念に残す
放心,fàngxīn,安心する
行李,xínglǐ,荷物
准备,zhǔnbèi,準備する
出发,chūfā,出発する
前一天,qiányītiān,前日
联系,liánxì,連絡する
确认,quèrèn,確認する
真,zhēn,本当に
期待,qīdài,楽しみにする、期待する
这次,zhècì,今回
小林,xiǎolín,（人名）
脸色,liǎnsè,顔色
看起来,kànqǐlái,見たところ〜だ
昨天晚上,zuótiānwǎnshàng,昨夜
开始,kāishǐ,始まる、始める
头疼,tóuténg,頭が痛い
发烧,fāshāo,熱が出る
医院,yīyuàn,病院
硬撑,yìngchēng,無理して我慢する
会议,huìyì,会議
重要,zhòngyào,重要だ
身体,shēntǐ,体、身体
别人,biérén,他の人
先帮,xiānbāng,先に手伝う
处理,chǔlǐ,処理する
个,gè,〜個（量詞）
假,jiǎ,休み、休暇
检查一下,jiǎncháyīxià,ちょっと検査する
陪,péi,付き添う
顺便,shùnbiàn,ついでに
帮,bāng,手伝う
拿药,náyào,薬を受け取る
真是,zhēnshì,本当に〜だ
医生,yīshēng,医者
说不定,shuōbùdìng,もしかしたら〜かもしれない
排队,páiduì,並ぶ、列に並ぶ
快点儿,kuàidiǎnér,早く
后天,hòutiān,明後日
安娜,ānnà,アンナ（人名）
生日,shēngrì,誕生日
她,tā,彼女
惊喜,jīngxǐ,サプライズ、驚きと喜び
聚会,jùhuì,パーティー、集まり
办,bàn,（催しなどを）行う、開く
大,dà,大きい
公司,gōngsī,会社
近,jìn,近い
蛋糕,dàngāo,ケーキ
气球,qìqiú,風船
由,yóu,〜が（〜する）、〜によって
音乐,yīnyuè,音楽
刚买,gāngmǎi,買ったばかり
新,xīn,新しい
礼物,lǐwù,プレゼント
不要,búyào,〜しないで
大家,dàjiā,みんな
想要,xiǎngyào,〜が欲しい、〜したい
一条,yītiáo,一本（細長い物の量詞）
围巾,wéijīn,マフラー
发现,fāxiàn,気づく、発見する
前,qián,前
保密,bǎomì,秘密にする
不会,búhuì,〜しないだろう
告诉,gàosù,伝える、教える
到时候,dàoshíhòu,その時になったら
感动,gǎndòng,感動する
这样,zhèyàng,このように
说定了,shuōdìngle,そう決まった
晚上,wǎnshàng,夜
七点,qīdiǎn,7時
婷婷,tíngtíng,（人名）
家,jiā,家
集合,jíhé,集合する
考虑,kǎolǜ,考える、検討する
跳槽,tiàocáo,転職する
压力,yālì,プレッシャー、ストレス
太大,tàidà,大きすぎる
是因为,shìyīnwèi,〜だからだ
太累,tàilèi,疲れすぎる
同事,tóngshì,同僚
相处,xiāngchǔ,付き合う、共に過ごす
不好,bùhǎo,良くない
主要,zhǔyào,主に
工作量,gōngzuòliàng,仕事量
每天,měitiān,毎日
加班,jiābān,残業する
被叫,bèijiào,呼ばれる（受身）
回去,huíqù,戻る、帰る
开会,kāihuì,会議をする
确实,quèshí,確かに
辛苦,xīnkǔ,大変だ、苦労する
换,huàn,変える、交換する
轻松,qīngsōng,気楽だ、楽だ
冲动,chōngdòng,衝動的だ
辞职,cízhí,辞職する
先想,xiānxiǎng,まず考える
清楚,qīngchǔ,はっきりしている
自己,zìjǐ,自分自身
真正,zhēnzhèng,本当の、真の
说得对,shuōdéduì,言う通りだ
哪家,nǎjiā,どの会社・店
存在,cúnzài,存在する
现在,xiànzài,今、現在
竞争,jìngzhēng,競争
激烈,jīliè,激しい
找,zhǎo,探す、訪ねる
一份,yīfèn,一つの（仕事などの量詞）
适合,shìhé,適合する、合う
事,shì,こと、用事
领导,lǐngdǎo,上司、リーダー
谈谈,tántán,ちょっと話す
看能,kànnéng,〜できるか見てみる
不能,bùnéng,〜できない
调整,tiáozhěng,調整する
安排,ānpái,手配、スケジュール
下周,xiàzhōu,来週
他,tā,彼
谈,tán,話し合う
找到,zhǎodào,見つける
解决办法,jiějuébànfǎ,解決方法
结果,jiéguǒ,結果
照顾,zhàogù,世話をする、大事にする
谢谢你们,xièxiènǐmen,みんなありがとう
聊完,liáowán,話し終わる
感觉,gǎnjué,感じる
王阿姨,wángāyí,（人名）
您好,nínhǎo,こんにちは（丁寧）
来看,láikàn,見に来る
房子,fángzi,家、部屋
这套,zhètào,この（一戸の）
出租,chūzū,賃貸に出す
快,kuài,速い、はやく
进,jìn,入る
刚,gāng,〜したばかり
装修,zhuāngxiū,内装工事、リフォーム
完,wán,終わる
采光,cǎiguāng,採光
阿杰,ājié,（人名）
客厅,kètīng,リビング
挺大,tǐngdà,かなり大きい
地铁站,dìtiězhàn,地下鉄の駅
房租,fángzū,家賃
一个月,yígèyuè,1ヶ月
三千五,sānqiānwǔ,3500（元）
押,yā,敷金として預ける
一付,yīfù,1ヶ月分（押一付三＝敷金1ヶ月・家賃3ヶ月分の前払い）
三,sān,3
包,bāo,含む
物业费,wùyèfèi,管理費
水电费,shuǐdiànfèi,水道光熱費
包括,bāokuò,含む
里面,lǐmiàn,中に
另,lìng,別に
外交,wàijiāo,（另外交＝別途支払う、の一部）
费用,fèiyòng,費用
不算,bùsuàn,〜というほどではない
高,gāo,高い
小区,xiǎoqū,団地、住宅街
很近,hěnjìn,とても近い
合适,héshì,ふさわしい、ぴったりだ
合同,hétóng,契約書
签,qiān,サインする
拿给,nágěi,持って行ってあげる
顺利,shùnlì,順調だ
地住,dìzhù,（順調に）住む
这里,zhèlǐ,ここ
讨论一下,tǎolùnyīxià,ちょっと議論する
环境保护,huánjìngbǎohù,環境保護
看法,kànfǎ,意見、見方
环境污染问题,huánjìngwūrǎnwèntí,環境汚染問題
严重,yánzhòng,深刻だ、重大だ
尤其,yóuqí,特に
空气污染,kōngqìwūrǎn,大気汚染
水污染,shuǐwūrǎn,水質汚染
垃圾,lājī,ゴミ
不容忽视,bùrónghūshì,見過ごせない
说得好,shuōdéhǎo,よく言った
那么,nàme,それでは、それなら
个人,gèrén,個人
做些,zuòxiē,いくつかする
保护环境,bǎohùhuánjìng,環境を守る
首先,shǒuxiān,まず、最初に
尽量,jǐnliàng,できるだけ
节约用水,jiéyuēyòngshuǐ,水を節約する
用电,yòngdiàn,電気を使う
减少,jiǎnshǎo,減らす
浪费,làngfèi,浪費する
出门,chūmén,外出する
坐,zuò,乗る、座る
公交车,gōngjiāochē,バス
少,shǎo,少ない
开车,kāichē,車を運転する
每个,měigè,それぞれの
小事,xiǎoshì,小さなこと
做起,zuòqǐ,〜し始める
环境,huánjìng,環境
一点一点,yìdiǎnyìdiǎn,少しずつ
变,biàn,変わる
抱怨,bàoyuàn,不平を言う
身边,shēnbiān,身の回り
比如,bǐrú,例えば
用,yòng,使う
塑料袋,sùliàodài,レジ袋、ビニール袋
组织,zǔzhī,組織する、企画する
环保,huánbǎo,環境保護（の）
活动,huódòng,活動
植树,zhíshù,植樹する
分类,fēnlèi,分類する
宣传,xuānchuán,啓発する、宣伝する
建议,jiànyì,提案する、提案
我会,wǒhuì,私は〜します
它,tā,それ
反映,fǎnyìng,反映する
尽快,jǐnkuài,できるだけ早く
实施,shíshī,実施する
努力,nǔlì,努力
真的,zhēnde,本当に
变得,biàndé,〜になる
更好,gènghǎo,もっと良い
阿伟,āwěi,（人名）
这是,zhèshì,これは〜です
照片,zhàopiān,写真
好看,hǎokàn,綺麗だ、見栄えがいい
谁,shuí,誰
这,zhè,これ
兄弟姐妹,xiōngdìjiěmèi,兄弟姉妹
哥哥,gēgē,お兄さん
妹妹,mèimèi,妹
十五岁,shíwǔsuì,15歳
中学生,zhōngxuéshēng,中学生
一家人,yījiārén,一家、家族全員
可爱,kěài,可愛い
改天,gǎitiān,日を改めて、また今度
玩儿,wánér,遊ぶ
小雪,xiǎoxuě,（人名）
吃饺子,chījiǎozi,餃子を食べる
面条,miàntiáo,麺
喝茶,hēchá,お茶を飲む
喝咖啡,hēkāfēi,コーヒーを飲む
太苦,tàikǔ,苦すぎる
早上,zǎoshàng,朝
田田,tiántián,（人名）
星期,xīngqī,曜日、週
几,jǐ,いくつ
星期三,xīngqīsān,水曜日
星期四,xīngqīsì,木曜日
汉语,hànyǔ,中国語
课,kè,授業
图书馆,túshūguǎn,図書館
看书,kànshū,本を読む
在家,zàijiā,家にいる
休息,xiūxī,休む、休憩する
下个星期,xiàgèxīngqī,来週
几天,jǐtiān,何日か
阿丽,ālì,（人名）
八点半,bādiǎnbàn,8時半
糟糕,zāogāo,まずい、しまった
九点,jiǔdiǎn,9時
有课,yǒukè,授業がある
别着急,biézháojí,焦らないで
还有,háiyǒu,まだ〜がある、それから
半个,bàngè,半分の
小时,xiǎoshí,〜時間
多长时间,duōzhǎngshíjiān,どのくらいの時間
大概,dàgài,だいたい、おそらく
二十分钟,èrshífēnzhōng,20分間
路上,lùshàng,道中
小心,xiǎoxīn,気をつける
下课后,xiàkèhòu,授業の後
哪里,nǎlǐ,どこ
舒服,shūfú,気分がいい、快適だ
肚子疼,dǔziténg,お腹が痛い
恶心,ěxīn,吐き気がする
疼,téng,痛い
填,tián,記入する
这张,zhèzhāng,この一枚の
表格,biǎogé,用紙、フォーム
等,děng,待つ
多久,duōjiǔ,どのくらいの間
前面,qiánmiàn,前
名字,míngzì,名前
时候,shíhòu,時、頃
请进去,qǐngjìnqù,どうぞお入りください
明白,míngbái,分かる
寄,jì,郵送する
包裹,bāoguǒ,荷物、小包
日本,rìběn,日本
放在,fàngzài,〜に置く
几本书,jǐběnshū,何冊かの本
飞机,fēijī,飛行機
船运,chuányùn,船便
哪个,nǎge,どちら、どれ
一个多月,yígèduōyuè,1ヶ月あまり
贵,guì,（値段が）高い
没关系,méiguānxì,大丈夫、構いません
一共,yīgòng,全部で
八十五,bāshíwǔ,85
块钱,kuàiqián,元（お金の単位）
左右,zuǒyòu,〜くらい、前後
剪,jiǎn,切る（髪などを）
发型,fàxíng,髪型
剪短,jiǎnduǎn,短く切る
太热,tàirè,暑すぎる
剪到,jiǎndào,〜まで切る
肩膀,jiānbǎng,肩
上边,shàngbiān,上のほう
样子,yàngzi,様子、感じ
这种,zhèzhǒng,この種の
脸型,liǎnxíng,顔の形
照,zhào,〜に沿って、〜通りに
染,rǎn,染める
先不染,xiānbùrǎn,今は染めない
下次,xiàcì,次回
再说,zàishuō,また今度言う、それに
洗头,xǐtóu,髪を洗う
麻烦,máfán,面倒をかける、お手数をかける
手机,shǒujī,携帯電話
屏幕,píngmù,画面
坏,huài,壊れる
摔坏,shuāihuài,落として壊す
昨天,zuótiān,昨日
摔,shuāi,落とす、転ぶ
修,xiū,修理する
需要,xūyào,必要とする
三百块,sānbǎikuài,300元
今天下午,jīntiānxiàwǔ,今日の午後
修好,xiūhǎo,修理し終える
就行,jiùxíng,〜でよい、大丈夫
附近,fùjìn,近く
打电话,dǎdiànhuà,電話をかける
阿哲,āzhé,（人名）
学长,xuézhǎng,先輩（学校の）
毕业,bìyè,卒業する
着急,zháojí,焦る
先说,xiānshuō,まず話す
我学,wǒxué,私が学ぶ
市场营销,shìchǎngyíngxiāo,マーケティング
一家,yījiā,1社、一軒
投,tóu,投げる、（履歴書を）送る
份,fèn,〜通、〜部（書類の量詞）
简历,jiǎnlì,履歴書
投了,tóule,送った
二十多,èrshíduō,20あまり
三家,sānjiā,3社
回复,huífù,返信する
面试,miànshì,面接
一般,yìbān,普段、一般的に
自我介绍,zìwǒjièshào,自己紹介
遇到,yùdào,出会う、遭遇する
难题,nántí,難問
紧张,jǐnzhāng,緊張する
练习,liànxí,練習する
几次,jǐcì,何回か
模拟,mónǐ,模擬、シミュレーション
那太,nàtài,それは〜すぎる
感谢,gǎnxiè,感謝する
改改,gǎigǎi,少し直す
见面,jiànmiàn,会う
聊聊吧,liáoliáoba,話しましょう
张叔,zhāngshū,張さん（張おじさん）
下个月,xiàgèyuè,来月
搬家,bānjiā,引っ越す
您,nín,あなた（敬称）
一声,yīshēng,一言、ひとこと
变动,biàndòng,変動、異動
搬到,bāndào,〜へ移転する
押金,yājīn,敷金
算,suàn,計算する
退,tuì,返す、返却する
打扫,dǎsǎo,掃除する
干净,gānjìng,きれいだ
没有,méiyǒu,ない
损坏,sǔnhuài,損壊する、壊れる
全部,quánbù,全部
另外,lìngwài,そのほか、別に
月,yuè,月
交了,jiāole,支払った
约个,yuēgè,〜を約束する、決める
下,xià,下、次
周六,zhōuliù,土曜日
下午,xiàwǔ,午後
方便,fāngbiàn,都合がいい
过来,guòlái,こちらに来る
感谢您,gǎnxiènín,あなたに感謝します
段时间,duànshíjiān,一定の期間
阿飞,āfēi,（人名）
学期,xuéqī,学期
选,xuǎn,選ぶ
我选,wǒxuǎn,私は選ぶ
经济学,jīngjìxué,経済学
一门,yīmén,一科目
历史课,lìshǐkè,歴史の授業
作业,zuòyè,宿題、課題
老师,lǎoshī,先生
讲得,jiǎngdé,話すのが（〜だ）
有意思,yǒuyìsi,面白い
本来,běnlái,もともと
想选,xiǎngxuǎn,選びたい
那门,nàmén,あの科目
英语课,yīngyǔkè,英語の授業
冲突,chōngtū,衝突する、かち合う
最后,zuìhòu,最後に
心理学,xīnlǐxué,心理学
这门,zhèmén,この科目
受欢迎,shòuhuānyíng,人気がある
要求,yāoqiú,要求する
写,xiě,書く
很多,hěnduō,多くの
报告,bàogào,レポート
内容,nèiróng,内容
很感兴趣,hěngǎnxìngqù,とても興味がある
学习,xuéxí,勉強する
互相监督,hùxiāngjiāndū,お互いに監視し合う
才能,cáinéng,〜してこそ〜できる（才+能の組み合わせ、名詞の「才能」とは別）
坚持下去,jiānchíxiàqù,続けていく
店长,diànzhǎng,店長
事情,shìqíng,出来事、事柄
顾客,gùkè,お客様
误会,wùhuì,誤解
那位,nàwèi,あの方
态度,tàidù,態度
其实,qíshí,実は
只是,zhǐshì,ただ〜なだけ
累,lèi,疲れる
理解,lǐjiě,理解する
保持,bǎochí,保つ
礼貌,lǐmào,礼儀
注意,zhùyì,注意する
实在太,shízàitài,本当に〜すぎる
休息时间,xiūxīshíjiān,休憩時間
店里,diànlǐ,店の中
比较忙,bǐjiàománg,わりと忙しい
我能,wǒnéng,私は〜できる
坚持,jiānchí,頑張り続ける、堅持する
改善,gǎishàn,改善する
排班,páibān,シフト、勤務割り当て
重新安排,chóngxīnānpái,改めて手配する
班表,bānbiǎo,シフト表
继续,jìxù,続ける
教授,jiàoshòu,教授
王先生,wángxiānshēng,王さん
聊聊,liáoliáo,ちょっと話す
经济,jīngjì,経済
形势,xíngshì,情勢、状況
王教授,wángjiàoshòu,王教授（人名）
目前,mùqián,現在、目下
通货膨胀,tōnghuòpéngzhàng,インフレ
认为,rènwéi,〜と考える、思う
全球,quánqiú,グローバル、全世界
供应链,gōngyìngliàn,サプライチェーン
造成,zàochéng,引き起こす
短期内,duǎnqīnèi,短期間内に
很难,hěnnán,〜するのが難しい
完全,wánquán,完全に
解决,jiějué,解決する
普通,pǔtōng,普通の
老百姓,lǎobǎixìng,一般庶民
应对,yìngduì,対応する
情况,qíngkuàng,状況
控制,kòngzhì,コントロールする
不必要,bùbìyào,不必要な
开支,kāizhī,支出
适当,shìdàng,適当な、適切な
进行,jìnxíng,行う
投资,tóuzī,投資する
风险,fēngxiǎn,リスク
这方面,zhèfāngmiàn,この方面、この点
所有,suǒyǒu,すべての
投到,tóudào,〜に投資する
分散,fēnsàn,分散する
降低,jiàngdī,下げる
对于,duìyú,〜に対して、〜について
年轻人,niánqīngrén,若者
来说,láishuō,（〜にとって）言えば
买房,mǎifáng,家を買う
好时机,hǎoshíjī,良いタイミング
比较复杂,bǐjiàofùzá,わりと複雑だ
状况,zhuàngkuàng,状況
所在城市,suǒzàichéngshì,所在する都市
房价,fángjià,不動産価格
走势,zǒushì,動向、トレンド
未来,wèilái,未来
一年,yīnián,1年
预测,yùcè,予測する
逐渐,zhújiàn,徐々に
恢复,huīfù,回復する
过程,guòchéng,プロセス、過程
缓慢,huǎnmàn,緩やかだ
非常感谢,fēichánggǎnxiè,非常に感謝する
精彩,jīngcǎi,素晴らしい
分享,fēnxiǎng,シェアする、分かち合う
讨论,tǎolùn,討論する
社会,shèhuì,社会
少子,shǎozǐ,少子
化,huà,〜化
老龄化,lǎolínghuà,高齢化
愿意,yuànyì,〜したいと思う、望む
生,shēng,産む
孩子,háizi,子供
养,yǎng,育てる
影响,yǐngxiǎng,影響する
事业,shìyè,キャリア、事業
发展,fāzhǎn,発展する
道理,dàolǐ,道理、理屈
政府,zhèngfǔ,政府
采取,cǎiqǔ,採る、講じる
措施,cuòshī,措置
提供,tígōng,提供する
育儿,yùér,育児
补贴,bǔtiē,補助金、手当
托儿,tuōér,保育
延长,yáncháng,延長する
产假,chǎnjià,産休
鼓励,gǔlì,奨励する
企业,qǐyè,企業
弹性,tánxìng,弾力的な、フレキシブルな
无论如何,wúlùnrúhé,いずれにせよ
完善,wánshàn,整備する、完全にする
养老保险,yǎnglǎobǎoxiǎn,年金保険
制度,zhìdù,制度
基本,jīběn,基本的な
一步,yībù,一歩
这些,zhèxiē,これらの
长远,chángyuǎn,長期的な
值得,zhíde,〜する価値がある
投入,tóurù,投入する
关注,guānzhù,関心を持つ、注目する
话题,huàtí,話題
人工智能,réngōngzhìnéng,人工知能
技术,jìshù,技術
李博士,lǐbóshì,李博士（人名）
AI,AI,AI（人工知能）
渗透到,shèntòudào,〜に浸透する
生活,shēnghuó,生活
方方面面,fāngfāngmiànmiàn,あらゆる方面
改变,gǎibiàn,変える
方式,fāngshì,方式、やり方
担心,dānxīn,心配する
取代,qǔdài,取って代わる
人类,rénlèi,人類
如何,rúhé,どのように
合作,hézuò,協力する
提高,tígāo,高める、向上させる
竞争力,jìngzhēnglì,競争力
阿凯,ākǎi,（人名）
作为,zuòwéi,〜として
工程师,gōngchéngshī,エンジニア
实际,shíjì,実際の
中,zhōng,〜の中で
挑战,tiǎozhàn,挑戦、チャレンジ
最大,zuìdà,最大の
数据,shùjù,データ
隐私,yǐnsī,プライバシー
安全,ānquán,安全
必须,bìxū,〜しなければならない
非常,fēicháng,非常に
谨慎,jǐnshèn,慎重だ
先进,xiānjìn,先進的な
伦理,lúnlǐ,倫理
法律,fǎlǜ,法律
规范,guīfàn,規範
忽视,hūshì,無視する
普通人,pǔtōngrén,一般人
面对,miànduì,向き合う
变革,biàngé,変革
开放,kāifàng,オープンな
心态,xīntài,心理状態、マインド
尽早,jǐnzǎo,できるだけ早く
了解,liǎojiě,理解する、把握する
相关,xiāngguān,関連する
知识,zhīshí,知識
两位,liǎngwèi,お二方
更深,gēngshēn,より深く
改革,gǎigé,改革する
想法,xiǎngfǎ,考え
灵活,línghuó,柔軟な
上下班,shàngxiàbān,出退勤
同意,tóngyì,同意する
远程,yuǎnchéng,リモート、遠隔
办公,bàngōng,仕事をする、執務する
比例,bǐlì,割合
增加,zēngjiā,増やす
一部分,yībùfèn,一部分
员工,yuángōng,社員、従業員
效率,xiàolǜ,効率
管理,guǎnlǐ,管理する
上,shàng,上、〜において
困难,kùnnán,困難
设立,shèlì,設立する、設定する
目标,mùbiāo,目標
考核,kǎohé,評価、査定
标准,biāozhǔn,基準
不是,búshì,〜ではない
各,gè,それぞれの
部门,bùmén,部署
沟通,gōutōng,コミュニケーションを取る
精简,jīngjiǎn,簡素化する
流程,liúchéng,プロセス、流れ
部长,bùzhǎng,部長
工作效率,gōngzuòxiàolǜ,仕事の効率
不少,bùshǎo,少なくない
试行,shìxíng,試行する
然后,ránhòu,それから
根据,gēnjù,〜に基づいて
反馈,fǎnkuì,フィードバック
平衡,pínghéng,バランス
阿明,āmíng,（人名）
今天天气,jīntiāntiānqì,今日の天気
晴朗,qínglǎng,晴れ渡っている
一会儿,yīhuìer,しばらく、少しの間
不冷,bùlěng,寒くない（不＋冷）
热,rè,暑い
散步,sànbù,散歩する
带上,dàishàng,持っていく
水,shuǐ,水
帽子,màozi,帽子
小刚,xiǎogāng,（人名）
几月,jǐyuè,何月
几号,jǐhào,何日
五月,wǔyuè,5月
十号,shíhào,10日
十二月,shíèryuè,12月
二十,èrshí,20
号,hào,〜日
冬天,dōngtiān,冬
冷,lěng,寒い
有空,yǒukòng,暇がある、時間がある
生日快乐,shēngrìkuàilè,誕生日おめでとう
阿雪,āxuě,（人名）
蓝色,lánsè,青色
绿色,lǜsè,緑色
黄色,huángsè,黄色
太亮,tàiliàng,明るすぎる（太＋亮）
东西,dōngxī,もの
阿龙,ālóng,（人名）
小,xiǎo,小さい
动物,dòngwù,動物
一只,yīzhī,一匹（量詞）
猫,māo,猫
小白,xiǎobái,小白（ペットの名前）
狗,gǒu,犬
狗叫,gǒujiào,犬は〜という名前（狗＋叫、叫＝〜と呼ばれる）
豆豆,dòudòu,豆豆（ペットの名前）
跑步,pǎobù,走る、ランニングする
我带,wǒdài,私が連れていく（我＋带）
它们,tāmen,それら（動物などを指す）
成为,chéngwéi,〜になる
小娟,xiǎojuān,（人名）
弟弟,dìdi,弟
几岁,jǐsuì,何歳
三岁,sānsuì,3歳
二十五岁,èrshíwǔsuì,25歳
感情,gǎnqíng,感情
经常,jīngcháng,よく、しょっちゅう
逛街,guàngjiē,街をぶらぶらする、ショッピングする
家里,jiālǐ,家、家の中
最小,zuìxiǎo,一番下、最年少
他们,tāmen,彼ら
阿超,āchāo,（人名）
收拾,shōushí,片付ける
打包,dǎbāo,荷造りする、パッキングする
书,shū,本
占,zhàn,占める、場所を取る
新家离,xīnjiālí,新しい家は〜（から/まで）（新家＋离）
坐地铁,zuòdìtiě,地下鉄に乗る
三十分钟,sānshífēnzhōng,30分間
欢迎,huānyíng,歓迎する
常,cháng,よく、しょっちゅう
以前,yǐqián,以前
做过,zuòguò,したことがある（做＋过）
服务员,fúwùyuán,（人名）
咖啡店,kāfēidiàn,コーヒー店、カフェ
打,dǎ,（アルバイトを）する
半年,bànnián,半年
工,gōng,（打工の一部）アルバイト
客人,kèrén,お客さん
四天,sìtiān,4日間
优点,yōudiǎn,長所
做事,zuòshì,仕事をする、物事を行う
认真,rènzhēn,真面目に
耐心,nàixīn,忍耐強い、根気
内会,nèihuì,〜以内に〜するだろう（内＝以内、会＝〜だろう）
通知,tōngzhī,知らせる、通知する
机会,jīhuì,機会
借书,jièshū,本を借りる
还书,huánshū,本を返す
两本,liǎngběn,2冊
借,jiè,借りる
一本,yīběn,1冊
超期,chāoqī,期限を過ぎる
学生证,xuéshēngzhèng,学生証
五本,wǔběn,5冊
借期,jièqī,貸出期間
这本,zhèběn,この本
关于,guānyú,〜について
中国,zhōngguó,中国
历史,lìshǐ,歴史
之前,zhīqián,以前、〜前に
健身房,jiànshēnfáng,ジム
会员卡,huìyuánkǎ,会員カード
卡,kǎ,カード
季卡,jìkǎ,季刊会員カード（3か月分）
年,nián,年
年卡,niánkǎ,年間会員カード
两千块,liǎngqiānkuài,2000元
单独,dāndú,単独で、別々に
交,jiāo,払う、渡す
开门,kāimén,開店する、ドアを開ける
六点,liùdiǎn,6時
十一点,shíyìdiǎn,11時
天天,tiāntiān,毎日
营业,yíngyè,営業する
有没有,yǒuméiyǒu,〜がありますか
教练,jiàoliàn,コーチ、トレーナー
教,jiào,教える
器材,qìcái,器具、器材
第一次,dìyīcì,初めて
免费,miǎnfèi,無料
体验,tǐyàn,体験する
办年,bànnián,年間契約を申し込む（办＋年）
申请表,shēnqǐngbiǎo,申込書
阿泰,ātài,（人名）
电影,diànyǐng,映画
故事,gùshì,物語、ストーリー
感人,gǎnrén,感動的だ
那段,nàduàn,あのシーン、あの部分
哭,kū,泣く
演员,yǎnyuán,俳優
演得,yǎndé,演技が〜（演＋得）
主角,zhǔjué,主役
为了,wèile,〜のために
角色,juésè,役、キャラクター
练,liàn,練習する
难怪,nánguài,どうりで
真实,zhēnshí,リアルな、本物っぽい
不想,bùxiǎng,〜したくない
看一遍,kànyībiàn,一回見る
看吧,kànba,見よう（看＋吧）
阿静,ājìng,（人名）
知道,zhīdào,知っている、わかる
该,gāi,〜すべきだ
怎么办,zěnmebàn,どうしよう
新来,xīnlái,新しく来た
幽默,yōumò,ユーモアがある
表达,biǎodá,表現する
心意,xīnyì,気持ち
怕,pà,恐れる、心配する
表白,biǎobái,告白する
连,lián,〜さえ
不成,bùchéng,うまくいかない、だめになる
先多花,xiānduōhuā,まず多めに（時間を）かける（先＋多＋花）
饭,fàn,ご飯
顺其自然,shùnqízìrán,成り行きに任せる
心里,xīnlǐ,心の中
踏实,tàshí,落ち着いている、安心だ
进展,jìnzhǎn,進展
阿玲,ālíng,（人名）
婚礼,hūnlǐ,結婚式
日子,rìzi,日にち
定,dìng,決める
下来,xiàlái,〜し終える、〜してくる（方向補語）
市中心,shìzhōngxīn,市の中心部
婚纱,hūnshā,ウェディングドレス
好了吗,hǎolema,終わりましたか（好＋了＋吗）
选好,xuǎnhǎo,選び終える
尺寸,chǐcùn,サイズ
名单,míngdān,名簿、リスト
差不多,chàbuduō,だいたい、ほぼ
一百多位,yìbǎiduōwèi,100人あまり
热闹,rènào,にぎやかだ
那天,nàtiān,あの日
配合,pèihé,息を合わせる、共演する
早点儿,zǎodiǎnér,早めに
阿豪,āháo,（人名）
太太,tàitài,奥さん、夫人
送,sòng,贈る
婴儿用品,yīngéryòngpǐn,赤ちゃん用品
玩具,wánjù,おもちゃ
一辆,yīliàng,1台（車の量詞）
婴儿车,yīngérchē,ベビーカー
凑钱,còuqián,お金を出し合う
问问,wènwèn,ちょっと聞いてみる
其他人,qítārén,他の人
愿不愿意,yuànbùyuànyì,〜する気があるかどうか
问,wèn,尋ねる、聞く
健健康康,jiànjiànkāngkāng,健康であるように（健康の重ね型）
妈,mā,お母さん
暑假,shǔjià,夏休み
海边,hǎibiān,海辺
学,xué,習う、学ぶ
冲浪,chōnglàng,サーフィン
三亚,sānyà,三亜（サンヤ、海南島のリゾート地）
海,hǎi,海
初学者,chūxuézhě,初心者
五天,wǔtiān,5日間
四夜,sìyè,4泊
好玩儿,hǎowánér,面白い、楽しい
潜水,qiánshuǐ,ダイビング
尝尝,chángcháng,味わってみる
当地,dāngdì,現地
海鲜,hǎixiān,海鮮
慢慢,mànmàn,ゆっくりと
王老师,wánglǎoshī,（人名）
申请,shēnqǐng,申請する
留学,liúxué,留学する
通过,tōngguò,〜を通して
语言,yǔyán,言語
考试,kǎoshì,試験
日语,rìyǔ,日本語
水平,shuǐpíng,レベル
两年,liǎngnián,2年
听力,tīnglì,リスニング（力）
听,tīng,聞く
材料,cáiliào,資料、材料
成绩单,chéngjìdān,成績表
推荐信,tuījiànxìn,推薦状
计划书,jìhuàshū,計画書
选择,xuǎnzé,選ぶ、選択
专业,zhuānyè,専攻
季,jì,季節
秋天,qiūtiān,秋
职场,zhíchǎng,職場
男女平等,nánnǚpíngděng,男女平等
刘教授,liújiàoshòu,（人名）
近年来,jìnniánlái,近年
有所改善,yǒusuǒgǎishàn,ある程度改善された
薪酬,xīnchóu,給与、報酬
差距,chājù,格差
依然,yīrán,依然として
晋升,jìnshēng,昇進
平等,píngděng,平等
普遍,pǔbiàn,普遍的、一般的
管理层,guǎnlǐcéng,管理職層、経営陣
明显,míngxiǎn,明らかだ
制定,zhìdìng,制定する
明确,míngquè,明確にする
培训,péixùn,研修、トレーニング
观念,guānniàn,考え方、観念
同样,tóngyàng,同様に
转变,zhuǎnbiàn,転換する、変わる
见效,jiànxiào,効果が出る
引起,yǐnqǐ,引き起こす
张老师,zhānglǎoshī,（人名）
应试教育,yìngshìjiàoyù,受験教育、詰め込み教育
公平,gōngpíng,公平だ
选拔,xuǎnbá,選抜する
人才,réncái,人材
容易,róngyì,簡単だ、〜しやすい
个性,gèxìng,個性
创造力,chuàngzàolì,創造力
家长,jiāzhǎng,保護者
改进,gǎijìn,改善する
考试成绩,kǎoshìchéngjì,試験の成績
重视,zhòngshì,重視する
综合,zōnghé,総合的な
能力,nénglì,能力
刷题,shuātí,問題を大量に解く
参加,cānjiā,参加する
课外活动,kèwàihuódòng,課外活動
没错,méicuò,その通りだ
全面,quánmiàn,全面的な
帮助,bāngzhù,助ける、助け
心理健康,xīnlǐjiànkāng,心の健康、メンタルヘルス
教育,jiàoyù,教育
责任,zérèn,責任
全,quán,すべて
阿泓,āhóng,（人名）
生完,shēngwán,産み終える
后,hòu,〜の後
办法,bànfǎ,方法
家庭,jiātíng,家庭
面临,miànlín,直面する
休,xiū,休む
完假,wánjiǎ,休暇が終わる
回来,huílái,戻ってくる
很大,hěndà,とても大きい
人硬,rényìng,一人で無理に（人＋硬、扛＝耐える・担う）
扛,káng,一人で耐える、担う
家里人,jiālǐrén,家族
支持,zhīchí,支持する、支える
分担,fēndān,分担する
家务,jiāwù,家事
如此,rúcǐ,このように、そのように
缺一不可,quēyībùkě,一つも欠かせない
媒体,méitǐ,メディア
素养,sùyǎng,素養、リテラシー
平时,píngshí,普段
获取,huòqǔ,取得する
新闻,xīnwén,ニュース
社交,shèjiāo,ソーシャル、交際
方便快捷,fāngbiànkuàijié,便利で手早い
信息,xìnxī,情報
真假难辨,zhēnjiǎnánbiàn,真偽の区別がつきにくい
判断,pànduàn,判断する
可靠性,kěkàoxìng,信頼性
条,tiáo,〜件（量詞）
正规,zhèngguī,正規の、正式な
报道,bàodào,報道
会查,huìchá,調べるだろう（会＋查）
发布者,fābùzhě,発信者
背景,bèijǐng,背景
是否,shìfǒu,〜かどうか
可信,kěxìn,信頼できる
方法,fāngfǎ,方法
标题,biāotí,見出し、タイトル
党,dǎng,〜党（ここでは『标题党』＝扇情的な見出しを使う人、の意）
误导,wùdǎo,誤解させる、ミスリードする
只,zhǐ,ただ〜だけ
转发,zhuǎnfā,転送する、シェアする
根本,gēnběn,そもそも、根本的に
不看,bùkàn,見ない
培养,péiyǎng,養う、育てる
独立思考,dúlìsīkǎo,独立した思考
批判,pīpàn,批判する
吴博士,wúbóshì,（人名）
拉近,lājìn,縮める、近づける
与,yǔ,〜と
距离,jùlí,距離
另一方面,lìngyìfāngmiàn,他方では（「一方面…另一方面…」の形で対比を表す）
带来,dàilái,もたらす
心理压力,xīnlǐyālì,心理的プレッシャー
而,ér,そして、しかし
感到,gǎndào,感じる
焦虑,jiāolǜ,不安、焦り
现象,xiànxiàng,現象
常见,chángjiàn,よくある
叫做,jiàozuò,〜と呼ばれる
自我,zìwǒ,自己
认同,rèntóng,アイデンティティ、認同
健康,jiànkāng,健康
使用,shǐyòng,使用する
意识,yìshí,意識
网上,wǎngshàng,ネット上
呈现,chéngxiàn,呈する、示す
往往,wǎngwǎng,往々にして
好的开始,hǎodekāishǐ,良いスタート
线下,xiànxià,オフライン
社交活动,shèjiāohuódòng,社交活動
分析,fēnxī,分析する
平衡点,pínghéngdiǎn,バランスの取れる点
小龙,xiǎolóng,（人名）
同班同学,tóngbāntóngxué,同じクラスの同級生
一班,yībān,1組
请多关照,qǐngduōguānzhào,よろしくお願いします
数学课,shùxuékè,数学の授業
笔,bǐ,ペン
忘,wàng,忘れる
带笔,dàibǐ,ペンを持ってくる（带＋笔）
一支,yīzhī,1本（ペンの量詞）
一块,yīkuài,1個（消しゴムなどの量詞）
橡皮,xiàngpí,消しゴム
尺子,chǐzi,定規
不用,bùyòng,〜する必要がない
就够,jiùgòu,それで十分だ（就＋够）
上课,shàngkè,授業が始まる、授業をする
回,huí,戻る
座位,zuòwèi,座席
科目,kēmù,科目
体育课,tǐyùkè,体育の授業
体育,tǐyù,体育
音乐课,yīnyuèkè,音楽の授業
唱歌,chànggē,歌を歌う
弹钢琴,tángāngqín,ピアノを弾く
厉害,lìhài,すごい
数学,shùxué,数学
加油,jiāyóu,頑張る
阿美,āměi,（人名）
早饭,zǎofàn,朝ごはん
面包,miànbāo,パン
牛奶,niúnǎi,牛乳
起晚,qǐwǎn,起きるのが遅くなる（起＋晚）
饿,è,お腹がすいている
卖,mài,売る
包子,bāozi,肉まん
起来,qǐlái,〜し始める、起き上がる（方向補語）
当然,dāngrán,もちろん
带水,dàishuǐ,水を持っていく（带＋水）
大明,dàmíng,（人名）
今晚,jīnwǎn,今晩
好久没,hǎojiǔméi,長い間〜していない（好久＋没）
小陈,xiǎochén,（人名）
房间,fángjiān,部屋
唱,chàng,歌う
三个,sāngè,3つ
点些,diǎnxiē,いくつか注文する（点＋些）
零食,língshí,おやつ
阿强,āqiáng,（人名）
小雨,xiǎoyǔ,（人名）
画画,huàhuà,絵を描く
画笔,huàbǐ,絵筆
商场,shāngchǎng,デパート、ショッピングモール
三楼,sānlóu,3階
文具店,wénjùdiàn,文房具店
买张,mǎizhāng,1枚買う（买＋张）
卡片,kǎpiàn,カード
开心,kāixīn,嬉しい
预订,yùdìng,予約する
住,zhù,泊まる、住む
两天,liǎngtiān,2日間
周五,zhōuwǔ,金曜日
周日,zhōurì,日曜日
单人间,dānrénjiān,シングルルーム
双人间,shuāngrénjiān,ツインルーム
一,yī,1
晚,wǎn,泊、夜
三百五十,sānbǎiwǔshí,350
元,yuán,元（通貨単位）
刷卡,shuākǎ,カードで支払う
付款,fùkuǎn,支払う
出示,chūshì,提示する
身份证,shēnfènzhèng,身分証
办理,bànlǐ,手続きする
登机,dēngjī,搭乗する
手续,shǒuxù,手続き
护照,hùzhào,パスポート
托运,tuōyùn,（荷物を）預ける
靠窗,kàochuāng,窓側
十二,shíèr,12
排,pái,列
登机口,dēngjīkǒu,搭乗口
半小时,bànxiǎoshí,30分間
阿宁,āníng,（人名）
上海,shànghǎi,上海（地名）
火车票,huǒchēpiào,電車の切符
车,chē,電車、車
起太早,qǐtàizǎo,あまりに早く起きる（起＋太＋早）
二等,èrděng,2等
座,zuò,席
一等,yīděng,1等
两张,liǎngzhāng,2枚
票,piào,チケット
记得,jìde,覚えている
位置,wèizhì,位置、席
买好,mǎihǎo,買い終わる
Tom,Tom,（人名）
中文,zhōngwén,中国語
流利,liúlì,流暢だ
英语,yīngyǔ,英語
一半,yíbàn,半分
最难,zuìnán,一番難しい
声调,shēngdiào,声調
难,nán,難しい
说错,shuōcuò,言い間違える
介绍,jièshào,紹介する
大三,dàsān,大学3年生
想来,xiǎnglái,来たいと思う（想＋来）
实习,shíxí,インターンをする、実習
行业,hángyè,業界
里,lǐ,〜の中
有名,yǒumíng,有名だ
学到,xuédào,学んで身につける（学＋到）
经验,jīngyàn,経験
经历,jīnglì,経歴、経験
去年,qùnián,去年
广告公司,guǎnggàogōngsī,広告会社
上班,shàngbān,出勤する
下周一,xiàzhōuyī,来週月曜日
随时,suíshí,いつでも
项目,xiàngmù,プロジェクト
进度,jìndù,進捗
设计,shèjì,デザイン、設計
部分,bùfèn,部分
完成,wánchéng,完成する
百分之八十,bǎifēnzhībāshí,80パーセント
细节,xìjié,細部
的话,dehuà,〜ならば（もし〜の話）
一周,yīzhōu,1週間
之内,zhīnèi,〜以内
那边,nàbiān,そちら
暂时,zànshí,一時的に、今のところ
人手,rénshǒu,人手
人事部门,rénshìbùmén,人事部
方案,fāngàn,案、プラン
不同,bùtóng,異なる
说说看,shuōshuōkàn,ちょっと話してみて（说说＋看）
计划,jìhuà,計画
太紧张,tàijǐnzhāng,タイトすぎる（太＋紧张）
不快,bùkuài,速くない（不＋快）
一点,yìdiǎn,少し
赶不上,gǎnbùshàng,間に合わない
截止,jiézhǐ,締め切る
日期,rìqī,日付
可不可以,kěbùkěyǐ,〜してもいいですか
客户,kèhù,顧客
商量一下,shāngliángyīxià,ちょっと相談する
延期,yánqī,延期する
试试,shìshì,試してみる
意见,yìjiàn,意見
团队,tuánduì,チーム
互相理解,hùxiānglǐjiě,お互いに理解し合う
整体,zhěngtǐ,全体
数据分析,shùjùfēnxī,データ分析
详细,xiángxì,詳しい
补充,bǔchōng,補足する
试着,shìzhe,試しに〜してみる
提出,tíchū,提出する、提案する
主动,zhǔdòng,積極的な
总的来说,zǒngdeláishuō,全体的に言うと
进步,jìnbù,進歩する
很快,hěnkuài,速い
城市,chéngshì,都市
农村,nóngcūn,農村
城乡,chéngxiāng,都市と農村
有所,yǒusuǒ,いくらか（〜がある）
缩小,suōxiǎo,縮小する
原因,yuányīn,原因
医疗,yīliáo,医療
资源分配,zīyuánfēnpèi,資源の分配
不均,bùjūn,不均衡だ
回流,huíliú,還流する、戻る
单纯,dānchún,単純に
资金,zījīn,資金
建立,jiànlì,構築する、設立する
产业,chǎnyè,産業
留下来,liúxiàlái,残る
创业,chuàngyè,起業する
魅力,mèilì,魅力
实现,shíxiàn,実現する
失败率,shībàilǜ,失敗率
创业者,chuàngyèzhě,起業家
做好,zuòhǎo,しっかりやる、準備する
哪些,nǎxiē,どれら
心理准备,xīnlǐzhǔnbèi,心の準備
接受,jiēshòu,受け入れる
失败,shībài,失敗
其次,qícì,次に
不断,bùduàn,絶えず
盲目,mángmù,盲目的に、無闇に
扩张,kuòzhāng,拡張する
产品,chǎnpǐn,製品
用户,yònghù,ユーザー
自然,zìrán,自然に
入手,rùshǒu,着手する
承受,chéngshòu,耐える、受け止める
多大,duōdà,どのくらい大きい
保守,bǎoshǒu,保守的
不太能,bùtàinéng,あまり〜できない
亏损,kuīsǔn,損失
基金,jījīn,投資信託、ファンド
债券,zhàiquàn,債券
相对,xiāngduì,相対的に
较,jiào,比較的
股票,gǔpiào,株
长期投资,chángqītóuzī,長期投資
收益,shōuyì,収益
更高,gènggāo,より高い
分配,fēnpèi,分配する
超过,chāoguò,超える
总资产,zǒngzīchǎn,総資産
三成,sānchéng,3割
讲解,jiǎngjiě,説明する
养老,yǎnglǎo,老後の生活を養う
规划,guīhuà,計画する
越早,yuèzǎo,早ければ早いほど（越＋早）
养老金,yǎnglǎojīn,年金
收入,shōurù,収入
不高,bùgāo,高くない
存钱,cúnqián,貯金する
即使,jíshǐ,たとえ〜でも
金额,jīné,金額
不大,bùdà,大きくない
养成,yǎngchéng,身につける、養成する
定期,dìngqī,定期的な
储蓄,chǔxù,貯蓄
习惯,xíguàn,習慣
其他,qítā,その他
购买,gòumǎi,購入する
用来,yònglái,〜に使う
至少,zhìshǎo,少なくとも
百分之十五,bǎifēnzhīshíwǔ,15パーセント
越多越好,yuèduōyuèhǎo,多ければ多いほど良い
早,zǎo,早い
医疗保险,yīliáobǎoxiǎn,医療保険
覆盖范围,fùgàifànwéi,カバー範囲
广,guǎng,広い
看病,kànbìng,診察を受ける
很长,hěnzhǎng,とても長い
怎样,zěnyàng,どのように
看病难,kànbìngnán,受診の難しさ（看病＋难）
数量,shùliàng,数量
推广,tuīguǎng,普及させる
社区,shèqū,地域、コミュニティ
往,wǎng,〜へ向かって
跑,pǎo,走る、駆けつける
缓解,huǎnjiě,緩和する
网络,wǎngluò,ネットワーク
条件,tiáojiàn,条件
小病,xiǎobìng,軽い病気
在线,zàixiàn,オンラインの
咨询,zīxún,相談する
资源,zīyuán,資源
更加,gèngjiā,一層
合理,hélǐ,合理的
